Aberdonia	Aberdeen (Scotland)
Abberdonensis	Aberdeen (Scotland)
Aberdea	Aberdeen (Scotland)
Aberdona	Aberdeen (Scotland)
Aberdonensis	Aberdeen (Scotland)
Abredonensis	Aberdeen (Scotland)
Abredonia	Aberdeen (Scotland)
Aboa	Turku (Finland)
Aboenensis	Turku (Finland)
Aboensis	Turku (Finland)
Abogensis	Turku (Finland)
Alexandria	Alessandria (Italy)
Alexandria a Palea	Alessandria (Italy)
Alexandria Stalicellorum	Alessandria (Italy)
Alexandria Statiella	Alessandria (Italy)
Alexandria Statiellorum	Alessandria (Italy)
Alexandrina Statiellorum civ.	Alessandria (Italy)
Alexandrinensis	Alessandria (Italy)
Alexandrinus	Alessandria (Italy)
Alixandria	Alessandria (Italy)
Caesarea	Alessandria (Italy)
Cesaria	Alessandria (Italy)
Civitas Nova	Alessandria (Italy)
Palea	Alessandria (Italy)
Palensis	Alessandria (Italy)
Alexandria	Alessandria (Italy)
Alexandria in Aegypto	Alessandria (Italy)
Alexandria in Aegypto Inferiore	Alessandria (Italy)
Alexandria in Aegypto Prima	Alessandria (Italy)
Alexandria Magna	Alessandria (Italy)
Alexandrina civ.	Alessandria (Italy)
Alexandrinensis	Alessandria (Italy)
Alexandrinus	Alessandria (Italy)
Allexandria	Alessandria (Italy)
Scanderia	Alessandria (Italy)
Scanderiensis	Alessandria (Italy)
Alexandria	Alessandria (Italy)
Gasnensis	Alessandria (Italy)
Alexandria apud Arachotos	Alessandria (Italy)
Alexandria	Alessandria (Italy)
Alexandropolis	Alessandria (Italy)
Alexandria Minor	Alessandria (Italy)
Alexandreta	Alessandria (Italy)
Alexandria	Alessandria (Italy)
Alexandria ad Issum	Alessandria (Italy)
Alexandria Catisson	Alessandria (Italy)
Alexandrinus	Alessandria (Italy)
Alexandriola	Alessandria (Italy)
Arbela	Alessandria (Italy)
Alexandria	Alessandria (Italy)
Urbillum	Alessandria (Italy)
Charax Spasinu	Alessandria (Italy)
Alexandria	Alessandria (Italy)
Alexandria Characenes	Alessandria (Italy)
Antiochia	Alessandria (Italy)
Antiochia Charax	Alessandria (Italy)
Charax Pasini	Alessandria (Italy)
Harax	Alessandria (Italy)
Troas	Alessandria (Italy)
Alexandrea	Alessandria (Italy)
Alexandria	Alessandria (Italy)
Alexandria Augusta Troas	Alessandria (Italy)
Alexandria Troas	Alessandria (Italy)
Antigonea	Alessandria (Italy)
Antigonensis	Alessandria (Italy)
Antigonia Alexandria	Alessandria (Italy)
Colonia Augusta Troas	Alessandria (Italy)
Colonia Troas	Alessandria (Italy)
Pergama	Alessandria (Italy)
Troadensis	Alessandria (Italy)
Troas Alexandri	Alessandria (Italy)
Altorphium	Altdorf (Nürnberger Land, Germany)
Aldorfium Palaeocome	Altdorf (Nürnberger Land, Germany)
Altorfia	Altdorf (Nürnberger Land, Germany)
Vetusta villa	Altdorf (Nürnberger Land, Germany)
Altenburga	Altenburg (Horn, Austria)
Altemburga	Altenburg (Horn, Austria)
Altenburgensis	Altenburg (Horn, Austria)
Castellum vetus	Altenburg (Horn, Austria)
s. Lamberti monast.	Altenburg (Horn, Austria)
Antiqua civitas	Altenburg (Saxony, Germany)
Misna	Altenburg (Saxony, Germany)
Mihisina	Altenburg (Saxony, Germany)
Mihsina	Altenburg (Saxony, Germany)
Altenavia	Altona (Germany)	Hamburg-Altona (Hamburg, Germany)
Altonanus	Altona (Germany)	Hamburg-Altona (Hamburg, Germany)
Altonavia	Altona (Germany)	Hamburg-Altona (Hamburg, Germany)
Amberga	Amberg (Oberpfalz, Germany)
Amstelodamum	Amsterdam (Netherlands)
Amstelaedamum	Amsterdam (Netherlands)
Amstelredamum	Amsterdam (Netherlands)
Amstelrodami	Amsterdam (Netherlands)
Amsterodamum	Amsterdam (Netherlands)
Angelorum civ.	Puebla de Zaragoza (Mexico)
Anglia	England
Albion	England
Anglesea	England
Anglicanus	England
Anglicus	England
Anglorum terra	England
Anglosaxonia	England
Anglus	England
Angularis terra	England
Britannia	England
Britannicus	England
Brito	England
Ingaltera	England
Loegria	England
Saxa	England
Saxonia Transmarina	England
Antverpia	Antwerp (Belgium)
Ambivaritum	Antwerp (Belgium)
Anderpus	Antwerp (Belgium)
Andevorpum	Antwerp (Belgium)
Andoverpiensis	Antwerp (Belgium)
Andoverpis	Antwerp (Belgium)
Andoverpum	Antwerp (Belgium)
Andwerpa	Antwerp (Belgium)
Antverpensis	Antwerp (Belgium)
Antverpiae	Antwerp (Belgium)
Antverpiensis	Antwerp (Belgium)
Antverpis	Antwerp (Belgium)
Antverpo	Antwerp (Belgium)
Antverpum	Antwerp (Belgium)
Antwerpensis	Antwerp (Belgium)
Antwerpha	Antwerp (Belgium)
Antwerpia	Antwerp (Belgium)
Antwerpiensis	Antwerp (Belgium)
Antwerpium	Antwerp (Belgium)
Antwerpo	Antwerp (Belgium)
Antwerpum	Antwerp (Belgium)
Handoverpia	Antwerp (Belgium)
Argentoratum	Argentoratum	Strassburg (Germany)	Strasbourg (France)
Argentaria civ.	Argentoratum	Strassburg (Germany)	Strasbourg (France)
Argentea urbs	Argentoratum	Strassburg (Germany)	Strasbourg (France)
Argentina civ.	Argentoratum	Strassburg (Germany)	Strasbourg (France)
Argentinensis	Argentoratum	Strassburg (Germany)	Strasbourg (France)
Argentinensium civ.	Argentoratum	Strassburg (Germany)	Strasbourg (France)
Argentoracum	Argentoratum	Strassburg (Germany)	Strasbourg (France)
Argentoratensis	Argentoratum	Strassburg (Germany)	Strasbourg (France)
Argentoratinsis	Argentoratum	Strassburg (Germany)	Strasbourg (France)
Augusta Trebecorum	Argentoratum	Strassburg (Germany)	Strasbourg (France)
Augusta Triboccorum	Argentoratum	Strassburg (Germany)	Strasbourg (France)
Helico 	Argentoratum	Strassburg (Germany)	Strasbourg (France)
Strasburgum	Argentoratum	Strassburg (Germany)	Strasbourg (France)
Stratburgensis	Argentoratum	Strassburg (Germany)	Strasbourg (France)
Stratburgnensis	Argentoratum	Strassburg (Germany)	Strasbourg (France)
Stratburgum	Argentoratum	Strassburg (Germany)	Strasbourg (France)
Strateburgum	Argentoratum	Strassburg (Germany)	Strasbourg (France)
Stratiburgus	Argentoratum	Strassburg (Germany)	Strasbourg (France)
Stratisburgum	Argentoratum	Strassburg (Germany)	Strasbourg (France)
Stratoburgum	Argentoratum	Strassburg (Germany)	Strasbourg (France)
Strazburga	Argentoratum	Strassburg (Germany)	Strasbourg (France)
Strazburgensis	Argentoratum	Strassburg (Germany)	Strasbourg (France)
Transburgias	Argentoratum	Strassburg (Germany)	Strasbourg (France)
Trasburgensis	Argentoratum	Strassburg (Germany)	Strasbourg (France)
Ariminium	Rimini (Italy)
Ariminensis	Rimini (Italy)
Ariminum	Rimini (Italy)
Ariminuma	Rimini (Italy)
Arenacum	Arnhem (Netherlands)
Arecanum	Arnhem (Netherlands)
Arenacio	Arnhem (Netherlands)
Arenatium	Arnhem (Netherlands)
Arnemium	Arnhem (Netherlands)
Arnhemia	Arnhem (Netherlands)
Arnhemium	Arnhem (Netherlands)
Arnhemum Geldrorum	Arnhem (Netherlands)
Harenatium	Arnhem (Netherlands)
Arnstadium	Arnstadt (Germany)
Aristadium	Arnstadt (Germany)
Arnostadium	Arnstadt (Germany)
Arnstadiensis	Arnstadt (Germany)
Arnstetum	Arnstadt (Germany)
Arosia	Västerås (Sweden)
Arosiensis	Västerås (Sweden)
Westrosia	Västerås (Sweden)
Aretium	Arezzo (Italy)
Arecia	Arezzo (Italy)
Arecium	Arezzo (Italy)
Arescium	Arezzo (Italy)
Aretenum	Arezzo (Italy)
Aretia civ.	Arezzo (Italy)
Aretina civ.	Arezzo (Italy)
Aretinensis	Arezzo (Italy)
Aretinus	Arezzo (Italy)
Aretium Fidens	Arezzo (Italy)
Aretium Talium	Arezzo (Italy)
Aretium Vetus	Arezzo (Italy)
Aricia	Arezzo (Italy)
Ariciensis	Arezzo (Italy)
Aricium	Arezzo (Italy)
Aritiensis	Arezzo (Italy)
Aritina civ.	Arezzo (Italy)
Aritinus	Arezzo (Italy)
Aritio	Arezzo (Italy)
Aritium	Arezzo (Italy)
Arretinensis	Arezzo (Italy)
Arretium	Arezzo (Italy)
Bamberga	Bamberg (Germany)
Babburiens civ.	Bamberg (Germany)
Babeberga	Bamberg (Germany)
Babebergensis	Bamberg (Germany)
Babegensis	Bamberg (Germany)
Babembergensis	Bamberg (Germany)
Babenberchensis	Bamberg (Germany)
Babenberga	Bamberg (Germany)
Babenbergensis	Bamberg (Germany)
Babenberigensis	Bamberg (Germany)
Babenburgensis	Bamberg (Germany)
Babenpergensis	Bamberg (Germany)
Babergensis	Bamberg (Germany)
Babinbergensis	Bamberg (Germany)
Babinberigensis	Bamberg (Germany)
Babnbergensis	Bamberg (Germany)
Baboberga	Bamberg (Germany)
Balbergensis	Bamberg (Germany)
Bambergensia	Bamberg (Germany)
Bambergensis	Bamberg (Germany)
Banbenberga	Bamberg (Germany)
Baraborga	Bamberg (Germany)
Bauenberga	Bamberg (Germany)
Bauenbergensis	Bamberg (Germany)
Bavenbergensis	Bamberg (Germany)
Bawenbergensis	Bamberg (Germany)
Brandeberga	Bamberg (Germany)
Mons Pavonis	Bamberg (Germany)
Pabinbergensis	Bamberg (Germany)
Pabunpergensis	Bamberg (Germany)
Pamberga	Bamberg (Germany)
Paniberga	Bamberg (Germany)
Papeberga	Bamberg (Germany)
Papebergiensis	Bamberg (Germany)
Papembergensis	Bamberg (Germany)
Papenbergensis	Bamberg (Germany)
Papendegressis	Bamberg (Germany)
Paperga	Bamberg (Germany)
Papinbergensis	Bamberg (Germany)
Papinpergensis	Bamberg (Germany)
Pauenbergiensis	Bamberg (Germany)
s. Georii civ.	Bamberg (Germany)
Barcino nova	Barcelona (Spain)
Barcilona	Barcelona (Spain)
Barcinona	Barcelona (Spain)
Barcinona	Barcelona (Spain)
Barcellona	Barcelona (Spain)
Barcenona	Barcelona (Spain)
Barchillona	Barcelona (Spain)
Barchimonensis	Barcelona (Spain)
Barchino	Barcelona (Spain)
Barchinona	Barcelona (Spain)
Barchinonensis	Barcelona (Spain)
Barchinonia	Barcelona (Spain)
Barcillona	Barcelona (Spain)
Barcino	Barcelona (Spain)
Barcinonensis	Barcelona (Spain)
Barcinonia civ.	Barcelona (Spain)
Barcinonis civ.	Barcelona (Spain)
Barcollona	Barcelona (Spain)
Barschaluna	Barcelona (Spain)
Barzalum	Barcelona (Spain)
Barzellona	Barcelona (Spain)
Colonia Barcino	Barcelona (Spain)
Colonia Barcino Faventia	Barcelona (Spain)
Colonia Faventia	Barcelona (Spain)
Colonia Faventia Iulia Augusta Pia Barcino	Barcelona (Spain)
Colonia Flaventia	Barcelona (Spain)
Faventia	Barcelona (Spain)
Iulia Augusta Barcino	Barcelona (Spain)
Pia Barcino	Barcelona (Spain)
Bardum	Barth (Germany)
Barda	Barth (Germany)
Bardensis	Barth (Germany)
Bardium	Barth (Germany)
Barthum	Barth (Germany)
Bartpha	Bardejov (Slovakia)
Baruthum	Bayreuth (Germany)
Baruthinus	Bayreuth (Germany)
Burythum	Bayreuth (Germany)
Byruthensis	Bayreuth (Germany)
Byruthum	Bayreuth (Germany)
Basilea	Basel (Switzerland)
Athenae Rauracae	Basel (Switzerland)
Baesula	Basel (Switzerland)
Basala	Basel (Switzerland)
Basela	Basel (Switzerland)
Basila	Basel (Switzerland)
Basileensis	Basel (Switzerland)
Basileia	Basel (Switzerland)
Basilensis	Basel (Switzerland)
Basilia	Basel (Switzerland)
Basilia Rauracorum	Basel (Switzerland)
Basiliensis	Basel (Switzerland)
Basiliensium civ.	Basel (Switzerland)
Basla	Basel (Switzerland)
Basula	Basel (Switzerland)
Basulensis	Basel (Switzerland)
Basylea	Basel (Switzerland)
Basyliensis	Basel (Switzerland)
Bazela	Basel (Switzerland)
Colonia Munatiana	Basel (Switzerland)
Martialis Eboracensis	Basel (Switzerland)
Bassanum	Bassano del Grappa (Italy)
Baxanum	Bassano del Grappa (Italy)
Passanum	Bassano del Grappa (Italy)
Bacianum	Bassano del Grappa (Italy)
Basianum	Bassano del Grappa (Italy)
Bassanum	Bassano del Grappa (Italy)
Baxanum	Bassano del Grappa (Italy)
Bathonia	Bath (England)
Acamannum	Bath (England)
Acumanensis	Bath (England)
Acumania	Bath (England)
Acuminensis	Bath (England)
Aquae Calidae	Bath (England)
Aquae Solis	Bath (England)
Aquae Sulis	Bath (England)
Bacensis	Bath (England)
Badunum	Bath (England)
Balneum	Bath (England)
Bathensis	Bath (England)
Bathonensis	Bath (England)
Bathoniensis	Bath (England)
Batonensis	Bath (England)
Batonia	Bath (England)
Batoniensis	Bath (England)
Batta	Bath (England)
Batthentona	Bath (England)
Beathum	Bath (England)
Bethensis	Bath (England)
Gacensis	Bath (England)
Bellunum	Belluno (Italy)
Bellonum	Belluno (Italy)
Bellua	Belluno (Italy)
Belluna urbs	Belluno (Italy)
Bellunensis	Belluno (Italy)
Belunensis	Belluno (Italy)
Belunum	Belluno (Italy)
Berunum	Belluno (Italy)
Venenum	Belluno (Italy)
Benaventum	Benevento (Italy)
Beneventum	Benevento (Italy)
Beneventum	Benevento (Italy)
Beneventum	Benevento (Italy)
Beneventum	Benevento (Italy)
Aritium Praetorium	Benevento (Italy)
Beneventana civ.	Benevento (Italy)
Beneventania	Benevento (Italy)
Beneventanum	Benevento (Italy)
Beneventanus	Benevento (Italy)
Beneventi civ.	Benevento (Italy)
Beniventum	Benevento (Italy)
Benventum	Benevento (Italy)
Colonia Beneventana	Benevento (Italy)
Maleventum	Benevento (Italy)
Malventi civ.	Benevento (Italy)
Malventum	Benevento (Italy)
Decentianum	Benevento (Italy)
Beneventium	Benevento (Italy)
Beneventum	Benevento (Italy)
Dexencanum	Benevento (Italy)
Disinzanum	Benevento (Italy)
Dixentianum	Benevento (Italy)
Bergamum	Bergamo (Italy)
Bercomensis	Bergamo (Italy)
Bergamensis	Bergamo (Italy)
Bergomatensis	Bergamo (Italy)
Bergomensis	Bergamo (Italy)
Bergomum	Bergamo (Italy)
Burgomatis civ.	Bergamo (Italy)
Pergama	Bergamo (Italy)
Pergamea civ.	Bergamo (Italy)
Pergamensis	Bergamo (Italy)
Pergamum	Bergamo (Italy)
Pergamus	Bergamo (Italy)
Pergomasca	Bergamo (Italy)
Vergamum	Bergamo (Italy)
Berna	Bern (Switzerland)
Berna	Bern (Switzerland)
Arctopolis	Bern (Switzerland)
Berna Helvetiorum	Bern (Switzerland)
Bernensis	Bern (Switzerland)
Bernum in Burgundia	Bern (Switzerland)
Verona	Bern (Switzerland)
Veronensis	Bern (Switzerland)
Berna	Bern (Switzerland)
Birnensis	Bern (Switzerland)
Buria	Bern (Switzerland)
Belna	Bern (Switzerland)
Bealna	Bern (Switzerland)
Beleno castrum	Bern (Switzerland)
Belgna	Bern (Switzerland)
Belnense castrum	Bern (Switzerland)
Belniacum	Bern (Switzerland)
Belno	Bern (Switzerland)
Belnocastrum	Bern (Switzerland)
Belnum	Bern (Switzerland)
Berna	Bern (Switzerland)
Belneta	Bern (Switzerland)
Berna	Bern (Switzerland)
Bernburgum	Bernburg (Germany)
Arctopolis ad Salam	Bernburg (Germany)
Ursopolis	Bernburg (Germany)
Berolinum	Berlin (Germany)
Berlinensis	Berlin (Germany)
Berlinum	Berlin (Germany)
Berolinensis	Berlin (Germany)
Geminus pons	Zweibrücken (Germany)
Bipontium	Zweibrücken (Germany)
Bipontum	Zweibrücken (Germany)
Geminopons	Zweibrücken (Germany)
Biturigae	Bourges (France)
Avaricum	Bourges (France)
Beoregas	Bourges (France)
Betoregas	Bourges (France)
Betoregascum	Bourges (France)
Betorex	Bourges (France)
Betorgas	Bourges (France)
Betorica	Bourges (France)
Betoricensis	Bourges (France)
Betorigus	Bourges (France)
Beturegas	Bourges (France)
Beturica	Bourges (France)
Beturicas	Bourges (France)
Beturigus	Bourges (France)
Bieturis civ.	Bourges (France)
Bitorex	Bourges (France)
Bitoricas	Bourges (France)
Bitoricus	Bourges (France)
Bituracensis	Bourges (France)
Biturga	Bourges (France)
Bituriacensis	Bourges (France)
Biturica	Bourges (France)
Bituricae	Bourges (France)
Bituricas	Bourges (France)
Bituricensis	Bourges (France)
Bituricum	Bourges (France)
Bituriga	Bourges (France)
Biturigas	Bourges (France)
Biturigensis	Bourges (France)
Bituriges	Bourges (France)
Biturigum	Bourges (France)
Biturigus	Bourges (France)
Bituris civ.	Bourges (France)
Biturix	Bourges (France)
Buturicas	Bourges (France)
Byturicas	Bourges (France)
Bononia	Bologna (Italy)
Malatae	Bologna (Italy)
Milatae	Bologna (Italy)
Vylocum	Bologna (Italy)
Bononia	Bologna (Italy)
Bolonia	Bologna (Italy)
Boloniensis	Bologna (Italy)
Bonensis	Bologna (Italy)
Bononia Pinguis	Bologna (Italy)
Bononiensis	Bologna (Italy)
Felsina	Bologna (Italy)
Blesae	Bologna (Italy)
Blaesae	Bologna (Italy)
Blesense palatium ad Ligerim	Bologna (Italy)
Blesensis	Bologna (Italy)
Blesia	Bologna (Italy)
Blesiae	Bologna (Italy)
Blessensis	Bologna (Italy)
Blesum	Bologna (Italy)
Blisum	Bologna (Italy)
Bononia	Bologna (Italy)
Bidinum	Bologna (Italy)
Bidinensis	Bologna (Italy)
Bononia	Bologna (Italy)
Budinensis	Bologna (Italy)
Budinum	Bologna (Italy)
Buduensis	Bologna (Italy)
Budunensis	Bologna (Italy)
Budwicensis	Bologna (Italy)
Bydena	Bologna (Italy)
Bydine	Bologna (Italy)
Bydinum	Bologna (Italy)
Vidina	Bologna (Italy)
Vidynensis	Bologna (Italy)
Widdinum	Bologna (Italy)
Bonus Aer	Buenos Aires (Argentina)
Bonaerensis	Buenos Aires (Argentina)
s. Trinitatis Fanum	Buenos Aires (Argentina)
Bracennum	Bracciano (Italy)
Ad Nonas	Bracciano (Italy)
Arcennum	Bracciano (Italy)
Arcenum	Bracciano (Italy)
Baccanae	Bracciano (Italy)
Braccianum	Bracciano (Italy)
Bracenum	Bracciano (Italy)
Brachianum	Bracciano (Italy)
Brasanum	Bracciano (Italy)
Brecennum	Bracciano (Italy)
Forum Novem Pagorum	Bracciano (Italy)
Stigianae Thermae	Bracciano (Italy)
Stilianae Thermae	Bracciano (Italy)
Turrisbacchanae	Bracciano (Italy)
Brega	Brieg (Germany)	Brzeg (Opole, Poland)
Alta ripa	Brieg (Germany)	Brzeg (Opole, Poland)
Altae Ripae civ.	Brieg (Germany)	Brzeg (Opole, Poland)
Briga	Brieg (Germany)	Brzeg (Opole, Poland)
Budorgis	Brieg (Germany)	Brzeg (Opole, Poland)
Budorigum	Brieg (Germany)	Brzeg (Opole, Poland)
Bregarum regio	Brieg (Germany)	Brzeg (Opole, Poland)
Brega	Brieg (Germany)	Brzeg (Opole, Poland)
Brema	Bremen (Germany)
Bremae	Bremen (Germany)
Bremensis	Bremen (Germany)
Bremia	Bremen (Germany)
Bremis	Bremen (Germany)
Bremonensis	Bremen (Germany)
Bremum	Bremen (Germany)
Brimiacensis	Bremen (Germany)
Brimum	Bremen (Germany)
Fabirana Saxonum	Bremen (Germany)
Fabiranum	Bremen (Germany)
Phabiranum	Bremen (Germany)
Pregmensis	Bremen (Germany)
Premensis	Bremen (Germany)
Brescia	Brzesc Litewski (Poland)	Brest (Belarus)
Bresica	Brzesc Litewski (Poland)	Brest (Belarus)
Bressicia	Brzesc Litewski (Poland)	Brest (Belarus)
Bresta	Brzesc Litewski (Poland)	Brest (Belarus)
Brestensis	Brzesc Litewski (Poland)	Brest (Belarus)
Brestia	Brzesc Litewski (Poland)	Brest (Belarus)
Brestia Cujaviae	Brzesc Litewski (Poland)	Brest (Belarus)
Brestia in Lithuania	Brzesc Litewski (Poland)	Brest (Belarus)
Brestiensis	Brzesc Litewski (Poland)	Brest (Belarus)
Brixia	Brescia (Italy)
Barixia	Brescia (Italy)
Bressa	Brescia (Italy)
Bressanus	Brescia (Italy)
Brexia	Brescia (Italy)
Brexiona	Brescia (Italy)
Briscia	Brescia (Italy)
Brisciensis	Brescia (Italy)
Brisia	Brescia (Italy)
Brisianus	Brescia (Italy)
Brisscia	Brescia (Italy)
Brissia	Brescia (Italy)
Brissiensis	Brescia (Italy)
Brixensis	Brescia (Italy)
Brixianensis	Brescia (Italy)
Brixianorum civ.	Brescia (Italy)
Brixianus	Brescia (Italy)
Brixiensis	Brescia (Italy)
Brixiensium civ.	Brescia (Italy)
Brixinensis	Brescia (Italy)
Brixna	Brescia (Italy)
Prissana civ.	Brescia (Italy)
Prissiensis	Brescia (Italy)
Prixia	Brescia (Italy)
Prixiensis	Brescia (Italy)
Prizia	Brescia (Italy)
Brixina	Brescia (Italy)
Bresenonus	Brescia (Italy)
Brigda	Brescia (Italy)
Brihsina	Brescia (Italy)
Brihsinensis	Brescia (Italy)
Brisianore	Brescia (Italy)
Brisinensis	Brescia (Italy)
Brissanus	Brescia (Italy)
Brissiensis	Brescia (Italy)
Brissinensis	Brescia (Italy)
Brixana	Brescia (Italy)
Brixena	Brescia (Italy)
Brixenensis	Brescia (Italy)
Brixia	Brescia (Italy)
Brixianorum civ.	Brescia (Italy)
Brixienensis	Brescia (Italy)
Brixiensis	Brescia (Italy)
Brixina Norica	Brescia (Italy)
Brixinensis	Brescia (Italy)
Brixiniensis	Brescia (Italy)
Brixinium	Brescia (Italy)
Brixino	Brescia (Italy)
Brixinora	Brescia (Italy)
Brixinorensis	Brescia (Italy)
Brixinum	Brescia (Italy)
Brixionorum civ.	Brescia (Italy)
Brixnia	Brescia (Italy)
Brixsinensis	Brescia (Italy)
Presenorum civ.	Brescia (Italy)
Pressena	Brescia (Italy)
Prihsina	Brescia (Italy)
Prihsna	Brescia (Italy)
Prisenonum	Brescia (Italy)
Prisiensis	Brescia (Italy)
Prisna	Brescia (Italy)
Prisniensis	Brescia (Italy)
Prissia	Brescia (Italy)
Prixenensis	Brescia (Italy)
Prixia	Brescia (Italy)
Prixianensis	Brescia (Italy)
Prixianus	Brescia (Italy)
Prixina	Brescia (Italy)
Prixinensis	Brescia (Italy)
Prixinona	Brescia (Italy)
Sabionensis	Brescia (Italy)
Seponensis	Brescia (Italy)
Bruga	Bruges (Belgium)
Brucke villa	Bruges (Belgium)
Brudgias	Bruges (Belgium)
Brugae Flandrorum	Bruges (Belgium)
Brugensis	Bruges (Belgium)
Brugiae	Bruges (Belgium)
Brugias	Bruges (Belgium)
Brugis	Bruges (Belgium)
Flandrense municipium	Bruges (Belgium)
Brunna	Brno (Czech Republic)
Brinna	Brno (Czech Republic)
Brinnium	Brno (Czech Republic)
Brinnum	Brno (Czech Republic)
Bruna	Brno (Czech Republic)
Brunensis	Brno (Czech Republic)
Brunnensis	Brno (Czech Republic)
Eburodunum Quadorum	Brno (Czech Republic)
Brunsberga	Braunsberg (Germany)	Braniewo (Poland)
Bransberga	Braunsberg (Germany)	Braniewo (Poland)
Braunsberga	Braunsberg (Germany)	Braniewo (Poland)
Bruneber	Braunsberg (Germany)	Braniewo (Poland)
Brunonis mons	Braunsberg (Germany)	Braniewo (Poland)
Brunorum	Braunsberg (Germany)	Braniewo (Poland)
Brunsburgum	Braunsberg (Germany)	Braniewo (Poland)
Brunsvicum	Braunschweig (Germany)
Brunonis vicus	Braunschweig (Germany)
Brunopolis	Braunschweig (Germany)
Brunsvicensis	Braunschweig (Germany)
Brunsviga	Braunschweig (Germany)
Brunswica	Braunschweig (Germany)
Brunswicum	Braunschweig (Germany)
Pentapolis	Braunschweig (Germany)
Bruxella	Brussels (Belgium)
Borsellensis	Brussels (Belgium)
Brocela	Brussels (Belgium)
Brocsela	Brussels (Belgium)
Brohsela	Brussels (Belgium)
Brosella	Brussels (Belgium)
Brosselensis	Brussels (Belgium)
Brucellae	Brussels (Belgium)
Brucsella	Brussels (Belgium)
Brucsellensis	Brussels (Belgium)
Bruesella	Brussels (Belgium)
Bruocsella	Brussels (Belgium)
Bruolisela	Brussels (Belgium)
Brusella	Brussels (Belgium)
Brusellensis	Brussels (Belgium)
Brusselensis	Brussels (Belgium)
Brussella	Brussels (Belgium)
Brussellensis	Brussels (Belgium)
Bruxcellensis	Brussels (Belgium)
Bruxelae	Brussels (Belgium)
Bruxellae	Brussels (Belgium)
Bruxellensis	Brussels (Belgium)
Bruxsella	Brussels (Belgium)
Proxola	Brussels (Belgium)
Budinga	Büdingen (Hesse, Germany)
Butinga	Büdingen (Hesse, Germany)
Budissa	Bautzen (Germany)
Budesin curia regis	Bautzen (Germany)
Budisinus	Bautzen (Germany)
Budissensis	Bautzen (Germany)
Budissina	Bautzen (Germany)
Budissina Lusatorum	Bautzen (Germany)
Budissinus	Bautzen (Germany)
Budizin civ.	Bautzen (Germany)
Budusinus	Bautzen (Germany)
Budovicium	Ceské Budejovice (Czech Republic)
Boemobudvicium	Ceské Budejovice (Czech Republic)
Budovicensis	Ceské Budejovice (Czech Republic)
Budovisia	Ceské Budejovice (Czech Republic)
Budovitium	Ceské Budejovice (Czech Republic)
Buduissa	Ceské Budejovice (Czech Republic)
Budvicensis Marobutum	Ceské Budejovice (Czech Republic)
Burdegala	Bordeaux (France)
Biturigum civ.	Bordeaux (France)
Viviscorum	Bordeaux (France)
civ. Bordiaus	Bordeaux (France)
Burdegalensis	Bordeaux (France)
Burdegalia	Bordeaux (France)
Burdegalinsis	Bordeaux (France)
Burdegalis	Bordeaux (France)
Burdegallia	Bordeaux (France)
Burdellum	Bordeaux (France)
Burdigala	Bordeaux (France)
Burdigalensis	Bordeaux (France)
Burdigalinsis	Bordeaux (France)
Burtevulgus (?)	Bordeaux (France)
Eberhardescella	Einsiedeln (Switzerland)
Einsidla	Einsiedeln (Switzerland)
Einsidlensis	Einsiedeln (Switzerland)
Eremitarum monast. apud Helvetos	Einsiedeln (Switzerland)
Eremus	Einsiedeln (Switzerland)
Eremus b. Mariae	Einsiedeln (Switzerland)
Heremita	Einsiedeln (Switzerland)
Heremitarum locus	Einsiedeln (Switzerland)
Heremus	Einsiedeln (Switzerland)
s. Mariae et s. Mauricii monast.	Einsiedeln (Switzerland)
s. Mariae monast.	Einsiedeln (Switzerland)
s. Mauricii monast.	Einsiedeln (Switzerland)
Meginradescella	Einsiedeln (Switzerland)
s. Meginradi cella	Einsiedeln (Switzerland)
Meginradi Heremite cella	Einsiedeln (Switzerland)
Meginratescella	Einsiedeln (Switzerland)
Monasterium in Sylva	Einsiedeln (Switzerland)
Solitariorum monast. apud Helvetos	Einsiedeln (Switzerland)
Eboracum	York (England)
Colonia Eboracensis	York (England)
Dorobonensis	York (England)
Eboraca civ.	York (England)
Eboracensis	York (England)
Eborancensis	York (England)
Eborarensis	York (England)
Eborum civ.	York (England)
Eburaca civ.	York (England)
Eburacensis	York (England)
Eburacum	York (England)
Eoboracum	York (England)
Euborica civ.	York (England)
Euroacum urbs	York (England)
Evoraca urbs	York (England)
Heboracensis	York (England)
Ebracum	York (England)
Aprorum insula in Franconia Alemannie	York (England)
Ebbracum	York (England)
Ebera	York (England)
Eberacensis	York (England)
Eberacum	York (England)
Eberaha	York (England)
Ebora	York (England)
Eboracensis	York (England)
Eboracum	York (England)
Ebra	York (England)
Ebracensis	York (England)
Evera	York (England)
Everacensis	York (England)
Hebera monast.	York (England)
Ebora	Evora (Portugal)
Biura	Evora (Portugal)
Ebborensis	Evora (Portugal)
Eborensis	Evora (Portugal)
Ebura	Evora (Portugal)
Eburensis	Evora (Portugal)
Eburia	Evora (Portugal)
Elbora	Evora (Portugal)
Evorensis	Evora (Portugal)
Liberalitas Iulia	Evora (Portugal)
Liberalitas Iulia Celticorum	Evora (Portugal)
Ebora	Evora (Portugal)
Eborensis	Evora (Portugal)
Ebura Cerealis	Evora (Portugal)
Glandomiriensis	Evora (Portugal)
Glandomirum	Evora (Portugal)
Grandimirum	Evora (Portugal)
Ebracum	Evora (Portugal)
Aprorum insula in Franconia Alemannie	Evora (Portugal)
Ebbracum	Evora (Portugal)
Ebera	Evora (Portugal)
Eberacensis	Evora (Portugal)
Eberacum	Evora (Portugal)
Eberaha	Evora (Portugal)
Ebora	Evora (Portugal)
Eboracensis	Evora (Portugal)
Eboracum	Evora (Portugal)
Ebra	Evora (Portugal)
Ebracensis	Evora (Portugal)
Evera	Evora (Portugal)
Everacensis	Evora (Portugal)
Hebera monast.	Evora (Portugal)
Eburodunum	Yverdon (Switzerland)
Ebredunum	Yverdon (Switzerland)
Ebrodunense castrum	Yverdon (Switzerland)
Ebrodunensis	Yverdon (Switzerland)
Ebrodunum	Yverdon (Switzerland)
Ebruodunum Urbigenorum	Yverdon (Switzerland)
Verdunum	Yverdon (Switzerland)
Edinburgum	Edinburgh (Scotland)
Alatra castra	Edinburgh (Scotland)
Alatus burgus	Edinburgh (Scotland)
Aneda	Edinburgh (Scotland)
Edenburgum	Edinburgh (Scotland)
Edimburgum	Edinburgh (Scotland)
Edinburgensis	Edinburgh (Scotland)
Edinum	Edinburgh (Scotland)
Edwinesburgensis	Edinburgh (Scotland)
Puellarum castellum	Edinburgh (Scotland)
Puellarum castrum	Edinburgh (Scotland)
Puellarum oppidum	Edinburgh (Scotland)
Hafnia	Copenhagen (Denmark)
Codania	Copenhagen (Denmark)
Codonia	Copenhagen (Denmark)
Copenhaga	Copenhagen (Denmark)
Haffnia	Copenhagen (Denmark)
Haffniensis	Copenhagen (Denmark)
Hafniae	Copenhagen (Denmark)
Havnia	Copenhagen (Denmark)
Haga comitis	Hague (Netherlands)
Haga	Hague (Netherlands)
Haga comitum	Hague (Netherlands)
Haga-comitis	Hague (Netherlands)
Hagae comitis	Hague (Netherlands)
Hagenowia	Haguenau (France)
Hagenoa	Haguenau (France)
Hagenoia	Haguenau (France)
Hagenowa	Haguenau (France)
Hagnawensis	Haguenau (France)
Haguenonensis	Haguenau (France)
Hala ad Salam	Halle an der Saale (Germany)
Calaegia	Halle an der Saale (Germany)
Hala	Halle an der Saale (Germany)
Hala Hermundurorum	Halle an der Saale (Germany)
Hala Magdeburgica	Halle an der Saale (Germany)
Hala Salica	Halle an der Saale (Germany)
Hala Saxonum	Halle an der Saale (Germany)
Halla	Halle an der Saale (Germany)
Hallensis	Halle an der Saale (Germany)
Hallis	Halle an der Saale (Germany)
Hallo	Halle an der Saale (Germany)
Hallum	Halle an der Saale (Germany)
Holla	Halle an der Saale (Germany)
Hala Suevica	Hall (Germany)	Schwäbisch Hall (Germany)
Hala Schwabica	Hall (Germany)	Schwäbisch Hall (Germany)
Halla	Hall (Germany)	Schwäbisch Hall (Germany)
Hallae	Hall (Germany)	Schwäbisch Hall (Germany)
Hallae Suevorum	Hall (Germany)	Schwäbisch Hall (Germany)
Hallis	Hall (Germany)	Schwäbisch Hall (Germany)
Halberstadium	Halberstadt (Germany)
Alberstadensis	Halberstadt (Germany)
Albirstetensis	Halberstadt (Germany)
Alfureestedensis	Halberstadt (Germany)
Alfurstedensis	Halberstadt (Germany)
Alfurtestedensis	Halberstadt (Germany)
Alverstatensis	Halberstadt (Germany)
Alverstedensis	Halberstadt (Germany)
Alverstetensis	Halberstadt (Germany)
Halberensis	Halberstadt (Germany)
Halberestetensis	Halberstadt (Germany)
Halberstadensis	Halberstadt (Germany)
Halberstadhensis	Halberstadt (Germany)
Halberstadia	Halberstadt (Germany)
Halberstadiensis	Halberstadt (Germany)
Halberstadum	Halberstadt (Germany)
Halberstatensis	Halberstadt (Germany)
Halberstatum	Halberstadt (Germany)
Halberstedensis	Halberstadt (Germany)
Halberstetensis	Halberstadt (Germany)
Halbestetensis	Halberstadt (Germany)
Halbistetensis	Halberstadt (Germany)
Haluerstadensis	Halberstadt (Germany)
Haluerstatensis	Halberstadt (Germany)
Haluerstedi	Halberstadt (Germany)
Halvarastetensis	Halberstadt (Germany)
Halversoethensis	Halberstadt (Germany)
Halverstadensis	Halberstadt (Germany)
Halverstatensis	Halberstadt (Germany)
Halverstedensis	Halberstadt (Germany)
Halverstidensis	Halberstadt (Germany)
Halvertetensis	Halberstadt (Germany)
Halvestetensis	Halberstadt (Germany)
Hemipolis	Halberstadt (Germany)
Hamburgum	Hamburg (Germany)
Ammabugensis	Hamburg (Germany)
Augusta Gambriviorum	Hamburg (Germany)
Hamaburgensis	Hamburg (Germany)
Hamburgensis	Hamburg (Germany)
Hamburgium	Hamburg (Germany)
Hammaburgensis	Hamburg (Germany)
Hammaburgensis civ. Nordalbingorum	Hamburg (Germany)
Hammamburgensis	Hamburg (Germany)
Hammemburgensis	Hamburg (Germany)
Hammonia	Hamburg (Germany)
Hammonis castrum	Hamburg (Germany)
Hammunburgensis	Hamburg (Germany)
Hociiburgi castellum	Hamburg (Germany)
Jovis urbs.	Hamburg (Germany)
Marionis civ.	Hamburg (Germany)
Sclavorum civ.	Hamburg (Germany)
Hannovera	Hannover (Germany)
Hanovera	Hannover (Germany)
Hanovia	Hanau (Germany)
Hannovia	Hanau (Germany)
Ardevicum	Harderwijk (Netherlands)
Harderovicum	Harderwijk (Netherlands)
Hardervicum	Harderwijk (Netherlands)
Harlemum	Haarlem (Netherlands)
Harlinga	Harlingen (Netherlands)
Harlinga Frisorum	Harlingen (Netherlands)
Harlingis	Harlingen (Netherlands)
Heidelberga	Heidelberg (Germany)
Edelberga	Heidelberg (Germany)
Heidelbergensis	Heidelberg (Germany)
Myrtilletum	Heidelberg (Germany)
Myrtillorum mons	Heidelberg (Germany)
Myrtilorum mons	Heidelberg (Germany)
Heilbronna	Heilbronn (Germany)
Alisium	Heilbronn (Germany)
Hailbrunna	Heilbronn (Germany)
Hailsbrunna	Heilbronn (Germany)
Heibruna	Heilbronn (Germany)
Heilbrunnensis	Heilbronn (Germany)
Heilprunna	Heilbronn (Germany)
Heilsbrunna	Heilbronn (Germany)
Helprum	Heilbronn (Germany)
Helprunna	Heilbronn (Germany)
Helmstadium	Helmstedt (Germany)
Athenae ad Ehnum	Helmstedt (Germany)
Helmenstadensis	Helmstedt (Germany)
Helmestadium	Helmstedt (Germany)
Helmestedunum	Helmstedt (Germany)
Helmonstadensis	Helmstedt (Germany)
Helvetia	Switzerland
Confoederatio Helvetica	Switzerland
Helvetius	Switzerland
Suetia	Switzerland
Suitia	Switzerland
Swecensis	Switzerland
Swicia	Switzerland
Herbipolis	Würzburg (Germany)
Artaunum	Würzburg (Germany)
Ciburgensis	Würzburg (Germany)
Devona	Würzburg (Germany)
Erbipolensis	Würzburg (Germany)
Erbipolis	Würzburg (Germany)
Erpipolis	Würzburg (Germany)
Guerzburgensis	Würzburg (Germany)
Herbipolensis	Würzburg (Germany)
Herbipolitanus	Würzburg (Germany)
Macropolis	Würzburg (Germany)
Marcopolis	Würzburg (Germany)
Peapolis	Würzburg (Germany)
Uuerceburgensis	Würzburg (Germany)
Uuircebergensis	Würzburg (Germany)
Uuirciburgensis	Würzburg (Germany)
Uuirzaburcnensis	Würzburg (Germany)
Uuirzburgensis	Würzburg (Germany)
Uuirziburgonensis	Würzburg (Germany)
Uuirziburgensis	Würzburg (Germany)
Virciburgi	Würzburg (Germany)
Viurceburgensis	Würzburg (Germany)
Vuirciburgensis	Würzburg (Germany)
Vurceburgum	Würzburg (Germany)
Vvirciburgensis	Würzburg (Germany)
Vvirziburgensis	Würzburg (Germany)
Vvurceburgensis	Würzburg (Germany)
Wirceburgensis	Würzburg (Germany)
Wirceburgum	Würzburg (Germany)
Wirciburgensis	Würzburg (Germany)
Wircinburgensis	Würzburg (Germany)
Wirczburgensis	Würzburg (Germany)
Wirczpurgensis	Würzburg (Germany)
Wirsburgum	Würzburg (Germany)
Wirzburgensis	Würzburg (Germany)
Wirzeburgensis	Würzburg (Germany)
Wirziburgensis	Würzburg (Germany)
Wurciburgensis	Würzburg (Germany)
Herborna	Herborn (Germany)
Hibernia	Ireland
Corischia	Ireland
Evernilis	Ireland
Hibernia Scotorum	Ireland
Hibernica insula	Ireland
Hybernia	Ireland
Ibernia	Ireland
Ierna	Ireland
Ierne	Ireland
Iernia	Ireland
Iria	Ireland
Irlanda	Ireland
Irlandia	Ireland
Irorum terrra	Ireland
Iverna	Ireland
Juverna	Ireland
Scotia	Ireland
Scotia Maior	Ireland
Ybernia	Ireland
Hildeshemium	Hildesheim (Germany)
Ascalingium	Hildesheim (Germany)
Bennopolis	Hildesheim (Germany)
Eldinensensis	Hildesheim (Germany)
Hennopolis	Hildesheim (Germany)
Henopolis	Hildesheim (Germany)
Hidensemensis	Hildesheim (Germany)
Hidenshaimensis	Hildesheim (Germany)
Hildenensis	Hildesheim (Germany)
Hildenesensis	Hildesheim (Germany)
Hildeneshemensis	Hildesheim (Germany)
Hildeneshemsis	Hildesheim (Germany)
Hildenesheymensis	Hildesheim (Germany)
Hildenisheimensis	Hildesheim (Germany)
Hildensemensis	Hildesheim (Germany)
Hildensenensis	Hildesheim (Germany)
Hildensheimensis	Hildesheim (Germany)
Hildesemensis	Hildesheim (Germany)
Hildesheimensis	Hildesheim (Germany)
Hildeshemensis	Hildesheim (Germany)
Hildesia	Hildesheim (Germany)
Hildesiensis	Hildesheim (Germany)
Hildinehemensis	Hildesheim (Germany)
Hildinemensis	Hildesheim (Germany)
Hildinensis	Hildesheim (Germany)
Hildinesheimensis	Hildesheim (Germany)
Hildineshemensis	Hildesheim (Germany)
Hildinisheimensis	Hildesheim (Germany)
Hildinscheimensis	Hildesheim (Germany)
Hildisheimensis	Hildesheim (Germany)
Hildoneshemensis	Hildesheim (Germany)
Hillinesemensis	Hildesheim (Germany)
Hillineshiemmensis	Hildesheim (Germany)
Hillinessemensis	Hildesheim (Germany)
Hillinissemensis	Hildesheim (Germany)
Hillinissemmensis	Hildesheim (Germany)
Hiltinesheimensis	Hildesheim (Germany)
Hiltineshemensis	Hildesheim (Germany)
Hiltinishemensis	Hildesheim (Germany)
Hyldenesheimensis	Hildesheim (Germany)
Hyldense castrum	Hildesheim (Germany)
Hyldensheimensis	Hildesheim (Germany)
Hyldesimensis	Hildesheim (Germany)
Ildesemensis	Hildesheim (Germany)
Hispania	Spain
Celtiberia	Spain
Celtiberiensis	Spain
Espera	Spain
Esperensis	Spain
Hesperia	Spain
Hesperia ultima	Spain
Hesperiensis	Spain
Hispania Iberica	Spain
Hispanensis	Spain
Hispanicus	Spain
Hispaniensis	Spain
Hyspania	Spain
Iberia	Spain
Iberiensis	Spain
Ispania	Spain
Spania	Spain
Spaniensis	Spain
Yspania	Spain
Yspaniensis	Spain
Holmia	Stockholm (Sweden)
Holmensis	Stockholm (Sweden)
Holmiae	Stockholm (Sweden)
Holmiensis	Stockholm (Sweden)
Stocholmia	Stockholm (Sweden)
Hoorna	Hoorn (Netherlands)
Horna	Hoorn (Netherlands)
Hornae Westfrisiorum	Hoorn (Netherlands)
Chilomium	Kiel (Germany)
Holsatorum civ.	Kiel (Germany)
Kilia Holsatorum	Kiel (Germany)
Kilionensis	Kiel (Germany)
Kilonia	Kiel (Germany)
Kilonum	Kiel (Germany)
Madtritum	Madrid (Spain)
Colonia Viriata	Madrid (Spain)
Madritas	Madrid (Spain)
Madritensis	Madrid (Spain)
Madritium	Madrid (Spain)
Mageritum	Madrid (Spain)
Mantua Carpetanorum	Madrid (Spain)
Matritensis	Madrid (Spain)
Matritum	Madrid (Spain)
Miaccum	Madrid (Spain)
Miacum	Madrid (Spain)
Magdeburgum	Magdeburg (Germany)
Antianeiropolis	Magdeburg (Germany)
Machatheburgensis	Magdeburg (Germany)
Magdeburgensis	Magdeburg (Germany)
Madeburgensis	Magdeburg (Germany)
Madheburgensis	Magdeburg (Germany)
Madilburgiensis	Magdeburg (Germany)
Maegetheburgensis	Magdeburg (Germany)
Magaburgensis	Magdeburg (Germany)
Magadaburgensis	Magdeburg (Germany)
Magadaburgiensis	Magdeburg (Germany)
Magadaburhgiensis	Magdeburg (Germany)
Magadaeburgensis	Magdeburg (Germany)
Magadalburgensis	Magdeburg (Germany)
Magadburgensis	Magdeburg (Germany)
Magadeburgensis	Magdeburg (Germany)
Magadiburgensis	Magdeburg (Germany)
Magadoburgensis	Magdeburg (Germany)
Magathaburgensis	Magdeburg (Germany)
Magatheburgensis	Magdeburg (Germany)
Magdaburgensis	Magdeburg (Germany)
Magdeburgensis	Magdeburg (Germany)
Magdeburgkho	Magdeburg (Germany)
Magedaburgensis	Magdeburg (Germany)
Magedburgensis	Magdeburg (Germany)
Magedeburcgensis	Magdeburg (Germany)
Magedeburgensis	Magdeburg (Germany)
Magedeburgum	Magdeburg (Germany)
Magedoburgum	Magdeburg (Germany)
Magetheburgensis	Magdeburg (Germany)
Magetheburgiensis	Magdeburg (Germany)
Magetoburgum	Magdeburg (Germany)
Maggidiburco	Magdeburg (Germany)
Magideburgensis	Magdeburg (Germany)
Magideburgum	Magdeburg (Germany)
Maidiburgensis	Magdeburg (Germany)
Magtheburgensis	Magdeburg (Germany)
Maideburgensis	Magdeburg (Germany)
Maiedeburgensis	Magdeburg (Germany)
Marsburgensis	Magdeburg (Germany)
Maydeburgensis	Magdeburg (Germany)
Maydeburgum	Magdeburg (Germany)
Medeburgensis	Magdeburg (Germany)
Megdburgensis	Magdeburg (Germany)
Megedeburgensis	Magdeburg (Germany)
Megetheburgensis	Magdeburg (Germany)
Mesuium (?)	Magdeburg (Germany)
Meydeburgensis	Magdeburg (Germany)
Pardenopolitana urbs	Magdeburg (Germany)
Parthenopolensis	Magdeburg (Germany)
Parthenopolis	Magdeburg (Germany)
Parthenopolitana urbs	Magdeburg (Germany)
Parthenoponensis	Magdeburg (Germany)
Parthenopyrgum	Magdeburg (Germany)
Parthinopolis	Magdeburg (Germany)
Puellarum castrum	Magdeburg (Germany)
Virginopolis	Magdeburg (Germany)
Virginum castrum	Magdeburg (Germany)
Mago	Mahón (Spain)
Magnus Portus	Mahón (Spain)
Magona	Mahón (Spain)
Magonis Portus	Mahón (Spain)
Interamnium	Mannheim (Germany)
Manhemium	Mannheim (Germany)
Mannehemium	Mannheim (Germany)
Mantua	Mantua (Italy)
Mantoa	Mantua (Italy)
Mantoanus	Mantua (Italy)
Mantuana civ.	Mantua (Italy)
Mantuanensis	Mantua (Italy)
Mantuanus	Mantua (Italy)
s. Petri episcopatus	Mantua (Italy)
Marpurgum	Marburg (Germany)
Amasia Cattorum	Marburg (Germany)
Marburgum	Marburg (Germany)
Marchpurga	Marburg (Germany)
Marpurga	Marburg (Germany)
Marpurgum Hessorum	Marburg (Germany)
Mattiacorum castellum	Marburg (Germany)
Mattiacum	Marburg (Germany)
Metelli castrum	Marburg (Germany)
Metelloburgum Mattiacorum	Marburg (Germany)
Mettaloburgum	Marburg (Germany)
Mettelloburgum Mattiacorum	Marburg (Germany)
Matisco	Mâcon (France)
Matascensis	Mâcon (France)
Matasco	Mâcon (France)
Matasconensis	Mâcon (France)
Matescensium civ.	Mâcon (France)
Matesco	Mâcon (France)
Matiscensis	Mâcon (France)
Matiscona	Mâcon (France)
Matisconensis	Mâcon (France)
Malina	Mechelen (Belgium)
Maalinas	Mechelen (Belgium)
Machlines	Mechelen (Belgium)
Machlinia	Mechelen (Belgium)
Maclines	Mechelen (Belgium)
Maglinia	Mechelen (Belgium)
Magliniensis	Mechelen (Belgium)
Malinensis	Mechelen (Belgium)
Malisnacensis	Mechelen (Belgium)
Maslinas	Mechelen (Belgium)
Mechlineensis	Mechelen (Belgium)
Mechlinensis	Mechelen (Belgium)
Mechlinia	Mechelen (Belgium)
Mechliniensis	Mechelen (Belgium)
Mechlinium	Mechelen (Belgium)
Meclinia	Mechelen (Belgium)
Meglinia	Mechelen (Belgium)
Medioburgum	Middelburg (Netherlands)
Macdelburgum	Middelburg (Netherlands)
Mettelli castrum	Middelburg (Netherlands)
Metelloburgum	Middelburg (Netherlands)
Middelborchensis	Middelburg (Netherlands)
Middelborgensis	Middelburg (Netherlands)
Middelburgensis	Middelburg (Netherlands)
Middelburgum	Middelburg (Netherlands)
Middelburgum Zelandorum	Middelburg (Netherlands)
Middelburgus	Middelburg (Netherlands)
Migdelburgum	Middelburg (Netherlands)
Mediolanum	Milan (Italy)
Mediolanum	Milan (Italy)
Mediolanum	Milan (Italy)
Eridanium	Milan (Italy)
Medelanensis	Milan (Italy)
Mediolana civ.	Milan (Italy)
Mediolanensis	Milan (Italy)
Mediolania civ.	Milan (Italy)
Mediolaninsis	Milan (Italy)
Mediolanium	Milan (Italy)
Mediolanum Insubrum	Milan (Italy)
Medyolanensis	Milan (Italy)
Medyolanum	Milan (Italy)
Milanum	Milan (Italy)
Mediolanum	Milan (Italy)
Meilanum	Milan (Italy)
Album Monasterium	Milan (Italy)
Mediolanum	Milan (Italy)
Castrum Melanum	Milan (Italy)
Castrum Mediolanense	Milan (Italy)
Castrum Mediolanum	Milan (Italy)
Castrum Meillanum	Milan (Italy)
Castrum Melani	Milan (Italy)
Castrum Melanium	Milan (Italy)
Castrum Melianum	Milan (Italy)
Castrum Mellani	Milan (Italy)
Castrum Melliandi	Milan (Italy)
Castrum Melliani	Milan (Italy)
Castrum Millandum	Milan (Italy)
Mediolano	Milan (Italy)
Mediolanum	Milan (Italy)
Mediolanum Cuborum	Milan (Italy)
Mediolens	Milan (Italy)
Ebroicum	Milan (Italy)
Eboracensis	Milan (Italy)
Ebrocensis	Milan (Italy)
Ebroica	Milan (Italy)
Ebroicae	Milan (Italy)
Ebroicensis	Milan (Italy)
Ebroicorum civ.	Milan (Italy)
Eburo	Milan (Italy)
Eburonicum	Milan (Italy)
Eburovicum	Milan (Italy)
Eureus	Milan (Italy)
Hebroensis	Milan (Italy)
Mediolanum	Milan (Italy)
Mediolanum Eburovicum	Milan (Italy)
Mardulanum	Milan (Italy)
Mediolanensis	Milan (Italy)
Mediolanum	Milan (Italy)
Mellanum	Milan (Italy)
Mediolanum	Milan (Italy)
Meilhanum	Milan (Italy)
Meillanum	Milan (Italy)
Melaniacum	Milan (Italy)
Melanum	Milan (Italy)
Melianum	Milan (Italy)
Santonae	Milan (Italy)
Mediolanium	Milan (Italy)
Mediolanum	Milan (Italy)
Sanctonae	Milan (Italy)
Sanctonas	Milan (Italy)
Sanctonensis	Milan (Italy)
Sanctonica urbs	Milan (Italy)
Sanctonis urbs	Milan (Italy)
Santonas	Milan (Italy)
Santonensis	Milan (Italy)
Santones	Milan (Italy)
Santonica civ.	Milan (Italy)
Santonum Mediolanum	Milan (Italy)
Xanctonensis	Milan (Italy)
Xantae	Milan (Italy)
Xantonae	Milan (Italy)
Xantonensis	Milan (Italy)
Meldorum civ.	Meaux (France)
Fixtuinum	Meaux (France)
Jatinum	Meaux (France)
Meiaus	Meaux (France)
Melda	Meaux (France)
Meldae	Meaux (France)
Meldarum urbs	Meaux (France)
Meldensis	Meaux (France)
Meldensium civ.	Meaux (France)
Meldi	Meaux (France)
Meldianum	Meaux (France)
Meldis civ.	Meaux (France)
Meldus	Meaux (France)
Meledus	Meaux (France)
Melodorum urbs	Meaux (France)
Meteglum	Meaux (France)
Melta	Meaux (France)
Meldi	Meaux (France)
Meldia	Meaux (France)
Messana	Messina (Italy)
Mamertina civ.	Messina (Italy)
Meczin	Messina (Italy)
Mesana	Messina (Italy)
Messenia	Messina (Italy)
Messyna	Messina (Italy)
Muxina	Messina (Italy)
Nuxina	Messina (Italy)
Zancla	Messina (Italy)
Zancle	Messina (Italy)
Zankle	Messina (Italy)
Methymna Campestris (monast.)	Medina del Campo (Spain)
Medina Campestris	Medina del Campo (Spain)
Methinensis	Medina del Campo (Spain)
Methymna Duelli	Medina del Campo (Spain)
Metina Campi	Medina del Campo (Spain)
Metae	Metz (France)
Divodurum Mediomatricorum	Metz (France)
Medensis	Metz (France)
Mediomatrica urbs	Metz (France)
Mediomatricorum urbs	Metz (France)
Mediomatricum	Metz (France)
Metensia civ.	Metz (France)
Metensis	Metz (France)
Metensium civ.	Metz (France)
Metis	Metz (France)
Mettensis	Metz (France)
Metys	Metz (France)
Mittensis	Metz (France)
s. Stephani civ.	Metz (France)
Mevania	Bevagna (Italy)
Mevania	Bevagna (Italy)
s. Ansovinus de Capro (monast.)	Bevagna (Italy)
Bevania	Bevagna (Italy)
Maevania	Bevagna (Italy)
Mevana	Bevagna (Italy)
Mona insula	Bevagna (Italy)
Anglesaga	Bevagna (Italy)
Anglesia	Bevagna (Italy)
Angliseia	Bevagna (Italy)
Eubonia	Bevagna (Italy)
Manavia	Bevagna (Italy)
Menavia	Bevagna (Italy)
Mevania	Bevagna (Italy)
Mevaniarum insula	Bevagna (Italy)
Mona Austrina	Bevagna (Italy)
Mona Taciti	Bevagna (Italy)
Monapia	Bevagna (Italy)
Monia	Bevagna (Italy)
Mona insula	Bevagna (Italy)
Eubonia	Bevagna (Italy)
Mana	Bevagna (Italy)
Manavia	Bevagna (Italy)
Mania	Bevagna (Italy)
Mannensis	Bevagna (Italy)
Mannia	Bevagna (Italy)
Menavia	Bevagna (Italy)
Mennia	Bevagna (Italy)
Mevania	Bevagna (Italy)
Momonia	Bevagna (Italy)
Mona Borea	Bevagna (Italy)
Mona Caesaris	Bevagna (Italy)
Monaaeda	Bevagna (Italy)
Monapia	Bevagna (Italy)
Moneda	Bevagna (Italy)
Mexicum	Mexico City (Mexico)
Mexicana civ.	Mexico City (Mexico)
Mexicanensis	Mexico City (Mexico)
Tenochtitlanum	Mexico City (Mexico)
Themistitlanum	Mexico City (Mexico)
Mirandula	Mirandola (Italy)
Quarantola	Mirandola (Italy)
Misena	Meissen (Saxony, Germany)
Misna	Meissen (Saxony, Germany)
Misna	Meissen (Saxony, Germany)
Mihisina	Meissen (Saxony, Germany)
Mihsina	Meissen (Saxony, Germany)
Mihsinensis	Meissen (Saxony, Germany)
Misci	Meissen (Saxony, Germany)
Misena	Meissen (Saxony, Germany)
Misenen civ.	Meissen (Saxony, Germany)
Misenensis	Meissen (Saxony, Germany)
Misinensis	Meissen (Saxony, Germany)
Misnensis	Meissen (Saxony, Germany)
Misnensium civ.	Meissen (Saxony, Germany)
Misni civ.	Meissen (Saxony, Germany)
Misnia	Meissen (Saxony, Germany)
Missena	Meissen (Saxony, Germany)
Missenensis	Meissen (Saxony, Germany)
Missensis	Meissen (Saxony, Germany)
Missia	Meissen (Saxony, Germany)
Missinensis	Meissen (Saxony, Germany)
Mizzenensis	Meissen (Saxony, Germany)
Mysna	Meissen (Saxony, Germany)
Mysnensis	Meissen (Saxony, Germany)
Mysni civ.	Meissen (Saxony, Germany)
Mysnia	Meissen (Saxony, Germany)
Myssena	Meissen (Saxony, Germany)
Myssenensis	Meissen (Saxony, Germany)
Mita	Jelgava (Latvia)
Mitavia	Jelgava (Latvia)
Mithavia	Jelgava (Latvia)
Mittovium	Jelgava (Latvia)
Mogontia	Mainz (Rhineland-Palatinate, Germany)
Magaucensis	Mainz (Rhineland-Palatinate, Germany)
Magociacensis	Mainz (Rhineland-Palatinate, Germany)
Magoncia	Mainz (Rhineland-Palatinate, Germany)
Magonciaca urbs	Mainz (Rhineland-Palatinate, Germany)
Magonciensis	Mainz (Rhineland-Palatinate, Germany)
Magontia	Mainz (Rhineland-Palatinate, Germany)
Magontiensis	Mainz (Rhineland-Palatinate, Germany)
Magontina	Mainz (Rhineland-Palatinate, Germany)
Magontinensis	Mainz (Rhineland-Palatinate, Germany)
Magontinus	Mainz (Rhineland-Palatinate, Germany)
Maguncia	Mainz (Rhineland-Palatinate, Germany)
Maguntia	Mainz (Rhineland-Palatinate, Germany)
Maguntiensis	Mainz (Rhineland-Palatinate, Germany)
Maguntina civ.	Mainz (Rhineland-Palatinate, Germany)
Maguntio	Mainz (Rhineland-Palatinate, Germany)
Manensis	Mainz (Rhineland-Palatinate, Germany)
Mocuntiacum	Mainz (Rhineland-Palatinate, Germany)
Mogantina	Mainz (Rhineland-Palatinate, Germany)
Mogoncia	Mainz (Rhineland-Palatinate, Germany)
Mogonciacensis	Mainz (Rhineland-Palatinate, Germany)
Mogonciacum	Mainz (Rhineland-Palatinate, Germany)
Mogonciensis	Mainz (Rhineland-Palatinate, Germany)
Mogontiacensis	Mainz (Rhineland-Palatinate, Germany)
Mogontiacum	Mainz (Rhineland-Palatinate, Germany)
Mogontiacus	Mainz (Rhineland-Palatinate, Germany)
Mogontiensis	Mainz (Rhineland-Palatinate, Germany)
Mogontina	Mainz (Rhineland-Palatinate, Germany)
Mogontinensis	Mainz (Rhineland-Palatinate, Germany)
Mogontinus	Mainz (Rhineland-Palatinate, Germany)
Mogontiorum civ.	Mainz (Rhineland-Palatinate, Germany)
Mogonus atque Cya	Mainz (Rhineland-Palatinate, Germany)
Mogonzia. Moguncia	Mainz (Rhineland-Palatinate, Germany)
Moguntia	Mainz (Rhineland-Palatinate, Germany)
Moguntiaca urbs	Mainz (Rhineland-Palatinate, Germany)
Moguntiacum	Mainz (Rhineland-Palatinate, Germany)
Moguntiacum castrum	Mainz (Rhineland-Palatinate, Germany)
Moguntiacus	Mainz (Rhineland-Palatinate, Germany)
Moguntina	Mainz (Rhineland-Palatinate, Germany)
Moguntinensis	Mainz (Rhineland-Palatinate, Germany)
Moguntinum	Mainz (Rhineland-Palatinate, Germany)
Moguntinus	Mainz (Rhineland-Palatinate, Germany)
Momotiarcus	Mainz (Rhineland-Palatinate, Germany)
Ostium Aureae Maguntiae (?)	Mainz (Rhineland-Palatinate, Germany)
Ostium Maeni (?)	Mainz (Rhineland-Palatinate, Germany)
Monacum	Munich (Germany)
Isinisca Isarcorum	Munich (Germany)
Monaca civ.	Munich (Germany)
Monacensis	Munich (Germany)
Monachis civ.	Munich (Germany)
Monachium	Munich (Germany)
Monachum	Munich (Germany)
Monaco	Munich (Germany)
Monacum Bawarie	Munich (Germany)
Monakum	Munich (Germany)
Monasterium	Münster in Westfalen (Germany)
Mediolanum	Münster in Westfalen (Germany)
Mimegardeuurdensis	Münster in Westfalen (Germany)
Mimierneuordum	Münster in Westfalen (Germany)
Mimigardefordensis	Münster in Westfalen (Germany)
Mimigardefurdensis	Münster in Westfalen (Germany)
Mimigardenvurtensis	Münster in Westfalen (Germany)
Mimigardeuordensis	Münster in Westfalen (Germany)
Mimigardevordensis	Münster in Westfalen (Germany)
Mimigardevurdensis	Münster in Westfalen (Germany)
Mimigarduordensis	Münster in Westfalen (Germany)
Mimmegardeuurdensis	Münster in Westfalen (Germany)
Minimigradum	Münster in Westfalen (Germany)
Miningroda	Münster in Westfalen (Germany)
Miningroda Saxonum	Münster in Westfalen (Germany)
Mirmigendensis	Münster in Westfalen (Germany)
Mirmingandensis	Münster in Westfalen (Germany)
Mirmingardefordensis	Münster in Westfalen (Germany)
Mirmingardensis	Münster in Westfalen (Germany)
Mirmingardevordensis	Münster in Westfalen (Germany)
Mirmingendensis	Münster in Westfalen (Germany)
Mirmingerdensis	Münster in Westfalen (Germany)
Mirmingerdevordensis	Münster in Westfalen (Germany)
Monasteriensis	Münster in Westfalen (Germany)
Monasterium transaquense	Münster in Westfalen (Germany)
Monspessulanus	Montpellier (France)
Mons Pelerius	Montpellier (France)
Mons Pellium	Montpellier (France)
Mons Pesselanus	Montpellier (France)
Mons Pessulanus	Montpellier (France)
Mons Pessulus	Montpellier (France)
Mons Puellarum	Montpellier (France)
Monspeliensis	Montpellier (France)
Monspelius	Montpellier (France)
Monspellerius	Montpellier (France)
Monspessulanetus	Montpellier (France)
Monspessulus	Montpellier (France)
Monspestellarius	Montpellier (France)
Monspesulanus	Montpellier (France)
Monspislerius	Montpellier (France)
Monspistellarius	Montpellier (France)
Monspistilla	Montpellier (France)
Montalbanum	Montauban (Tarn-et-Garonne, France)
Montalbanum	Montauban (Tarn-et-Garonne, France)
Mons Albanus	Montauban (Tarn-et-Garonne, France)
Fines Cadurcorum	Montauban (Tarn-et-Garonne, France)
Mons Aureolus	Montauban (Tarn-et-Garonne, France)
Mons Aureolus Novus	Montauban (Tarn-et-Garonne, France)
Montalbanus	Montauban (Tarn-et-Garonne, France)
Montisalbanensis	Montauban (Tarn-et-Garonne, France)
Mons Albanus (castrum)	Montauban (Tarn-et-Garonne, France)
Montalbanus	Montauban (Tarn-et-Garonne, France)
Muntalbanum	Montauban (Tarn-et-Garonne, France)
Mutelbanum	Montauban (Tarn-et-Garonne, France)
Moscovia	Moscow (Russia)
Mosca	Moscow (Russia)
Moscensis	Moscow (Russia)
Moscoviensis	Moscow (Russia)
Moscua	Moscow (Russia)
Moscuensis	Moscow (Russia)
Mosqua	Moscow (Russia)
Mosquensis	Moscow (Russia)
Mulhusa	Mühlhausen (Thuringia, Germany)
Muhlhusium Thuringorum	Mühlhausen (Thuringia, Germany)
Mulhusensis	Mühlhausen (Thuringia, Germany)
Mulhusium	Mühlhausen (Thuringia, Germany)
Mutina	Modena (Italy)
Modina	Modena (Italy)
Modinensis	Modena (Italy)
Modona	Modena (Italy)
Motina	Modena (Italy)
Motinensis	Modena (Italy)
Mutena	Modena (Italy)
Mutinensis	Modena (Italy)
Mutinum	Modena (Italy)
Nanceium	Nancy (France)
Nanceiacus	Nancy (France)
Nancium	Nancy (France)
Neapolis	Naples (Italy)
Flavia Neapolis	Naples (Italy)
Flavia Neapolis Metropolis Morthia	Naples (Italy)
Flavia Neapolis Samariae	Naples (Italy)
Flavia Neapolis Syriae Palaestinae	Naples (Italy)
Mabartha	Naples (Italy)
Mamortha	Naples (Italy)
Nabulus	Naples (Italy)
Naplusa	Naples (Italy)
Neapolis in Palaestina	Naples (Italy)
Neapolis in Samaria	Naples (Italy)
Neopolitanus	Naples (Italy)
Sichar	Naples (Italy)
Sichem	Naples (Italy)
Sichima	Naples (Italy)
Sicima	Naples (Italy)
Sicimorum civ.	Naples (Italy)
Sychar	Naples (Italy)
Neapolis	Naples (Italy)
Neapolis in Proconsulari	Naples (Italy)
Neapolitanus	Naples (Italy)
Neapolis	Naples (Italy)
Neapolitana civ.	Naples (Italy)
Neapolitanus	Naples (Italy)
Palaeopolis	Naples (Italy)
Parthenope	Naples (Italy)
Sichem	Naples (Italy)
Sicima urbs	Naples (Italy)
Vergiliana urbs	Naples (Italy)
Virgiliana urbs	Naples (Italy)
Neapolis	Naples (Italy)
Neapolitanus	Naples (Italy)
Neapolis	Naples (Italy)
Neapolitanus	Naples (Italy)
Neapolis	Naples (Italy)
Nova villa	Naples (Italy)
Nyenstadensis	Naples (Italy)
Neapolis in Arabia	Naples (Italy)
Neapolis	Naples (Italy)
Neapolitanus	Naples (Italy)
Neapolis in Pisidia	Naples (Italy)
Neapolis	Naples (Italy)
Neapolitanus	Naples (Italy)
Arborea	Naples (Italy)
Arbarea	Naples (Italy)
Arbonensis	Naples (Italy)
Arbora	Naples (Italy)
Arborensis	Naples (Italy)
Arvorea	Naples (Italy)
Aquae Neapolitanae	Naples (Italy)
Eborea	Naples (Italy)
Herborea	Naples (Italy)
Neapolis	Naples (Italy)
Oristana	Naples (Italy)
Oristanum	Naples (Italy)
Avenionetum	Naples (Italy)
Ad Horrea	Naples (Italy)
Avinionettum	Naples (Italy)
Neapolis	Naples (Italy)
Caenopolis	Naples (Italy)
Caenopolis in Cyrenaica	Naples (Italy)
Cenopolis	Naples (Italy)
Neapolis	Naples (Italy)
Neapolitanus	Naples (Italy)
Christopolis	Naples (Italy)
Christopolitanus	Naples (Italy)
Kristopolis	Naples (Italy)
Neapolis	Naples (Italy)
Neapolitanus	Naples (Italy)
Leptis Magna	Naples (Italy)
Colonia Ulpia Traiana Leptis	Naples (Italy)
Colonia Victrix Iulia Leptis	Naples (Italy)
Ellemtice	Naples (Italy)
Hellemtie	Naples (Italy)
Labta	Naples (Italy)
Lebida	Naples (Italy)
Lebki	Naples (Italy)
Lebcis	Naples (Italy)
Lepti	Naples (Italy)
Lepticanus	Naples (Italy)
Leptimagna	Naples (Italy)
Leptimagnensis	Naples (Italy)
Leptis	Naples (Italy)
Leptis Altera	Naples (Italy)
Leptis Magna in Tripolitana	Naples (Italy)
Leptis Maior	Naples (Italy)
Neapolis	Naples (Italy)
Neapolitanus	Naples (Italy)
Limisso	Naples (Italy)
Limossium	Naples (Italy)
Neapolis	Naples (Italy)
Neapolitanus	Naples (Italy)
Nimociensis	Naples (Italy)
Nimocium	Naples (Italy)
Nymocium	Naples (Italy)
Neapoli in Palatinatu	Neustadt an der Haardt (Germany)	Neustadt an der Weinstrasse (Germany)
Neapolis Casimiriana	Neustadt an der Haardt (Germany)	Neustadt an der Weinstrasse (Germany)
Neapolis Nemetum	Neustadt an der Haardt (Germany)	Neustadt an der Weinstrasse (Germany)
Neapolis Palatinorum	Neustadt an der Haardt (Germany)	Neustadt an der Weinstrasse (Germany)
Neostadium	Neustadt an der Haardt (Germany)	Neustadt an der Weinstrasse (Germany)
Nova Civitas	Neustadt an der Haardt (Germany)	Neustadt an der Weinstrasse (Germany)
Novecivitas	Neustadt an der Haardt (Germany)	Neustadt an der Weinstrasse (Germany)
Novostadium	Neustadt an der Haardt (Germany)	Neustadt an der Weinstrasse (Germany)
Neoburgum	Neuburg an der Donau (Germany)
Neoburgum Cattorum	Neuburg an der Donau (Germany)
Neoburgum Danubii	Neuburg an der Donau (Germany)
Neuburgensis	Neuburg an der Donau (Germany)
Newenburga	Neuburg an der Donau (Germany)
Newnburga	Neuburg an der Donau (Germany)
Niunburgensis	Neuburg an der Donau (Germany)
Niwanburgensis	Neuburg an der Donau (Germany)
Niwenburgensis	Neuburg an der Donau (Germany)
Nouumburgum	Neuburg an der Donau (Germany)
Nova civitas	Neuburg an der Donau (Germany)
Nova urbs	Neuburg an der Donau (Germany)
Novum castrum	Neuburg an der Donau (Germany)
Nwmburgensis	Neuburg an der Donau (Germany)
Nissa	Neisse (Germany)	Nysa (Poland)
Naesus	Neisse (Germany)	Nysa (Poland)
Naissitanus	Neisse (Germany)	Nysa (Poland)
Naissus	Neisse (Germany)	Nysa (Poland)
Nisa	Neisse (Germany)	Nysa (Poland)
Nissena	Neisse (Germany)	Nysa (Poland)
Nissus	Neisse (Germany)	Nysa (Poland)
Nisum	Neisse (Germany)	Nysa (Poland)
Nisus	Neisse (Germany)	Nysa (Poland)
Nissa	Neisse (Germany)	Nysa (Poland)
Nisa	Neisse (Germany)	Nysa (Poland)
Nisensis	Neisse (Germany)	Nysa (Poland)
Nissa Silesiorum	Neisse (Germany)	Nysa (Poland)
Nissensis	Neisse (Germany)	Nysa (Poland)
Nysa	Neisse (Germany)	Nysa (Poland)
Nysensis	Neisse (Germany)	Nysa (Poland)
Nyssa	Neisse (Germany)	Nysa (Poland)
Nyssensis	Neisse (Germany)	Nysa (Poland)
Nyza	Neisse (Germany)	Nysa (Poland)
Norimberga	Nuremberg (Germany)
Nora	Nuremberg (Germany)
Norenberga	Nuremberg (Germany)
Nores	Nuremberg (Germany)
Noriberga	Nuremberg (Germany)
Norica	Nuremberg (Germany)
Noricorum civ.	Nuremberg (Germany)
Noricorum mons	Nuremberg (Germany)
Noricorum urbs	Nuremberg (Germany)
Noricum castrum	Nuremberg (Germany)
Norinberga	Nuremberg (Germany)
Norinbergensis	Nuremberg (Germany)
Nuerenberga	Nuremberg (Germany)
Nuernberga	Nuremberg (Germany)
Nuremberga	Nuremberg (Germany)
Nurembergensis	Nuremberg (Germany)
Nurenberga	Nuremberg (Germany)
Nurenperga	Nuremberg (Germany)
Nurmberga	Nuremberg (Germany)
Northantonia	Northampton (England)
Antona Septentrionalis	Northampton (England)
Hamtona	Northampton (England)
Nordhantona	Northampton (England)
Norhamptona	Northampton (England)
Norhamtunensis	Northampton (England)
Norhantona	Northampton (England)
Northamptona	Northampton (England)
Northamptonia	Northampton (England)
Northamptoniensis	Northampton (England)
Northamtunensis	Northampton (England)
Northantona	Northampton (England)
Nordhusa	Nordhausen (Thuringia, Germany)
Northusa	Nordhausen (Thuringia, Germany)
Northusensis	Nordhausen (Thuringia, Germany)
Novum Eboracum	New York (N.Y.)
Belgium Novum	New York (N.Y.)
Eboracensis Nova Civitas	New York (N.Y.)
Neo Eboracensis	New York (N.Y.)
Noviomagus	Nijmegen (Netherlands)
Neumaga	Nijmegen (Netherlands)
Neumago palatium	Nijmegen (Netherlands)
Niumaga palatium	Nijmegen (Netherlands)
Niumagum	Nijmegen (Netherlands)
Niumagus	Nijmegen (Netherlands)
Novamagium	Nijmegen (Netherlands)
Novimachium	Nijmegen (Netherlands)
Novimagensis	Nijmegen (Netherlands)
Novimagiense oppidum	Nijmegen (Netherlands)
Novimagium	Nijmegen (Netherlands)
Novimagum	Nijmegen (Netherlands)
Novimagus Batavorum	Nijmegen (Netherlands)
Noviomagense castellum	Nijmegen (Netherlands)
Noviomagense palatium	Nijmegen (Netherlands)
Noviomagensis	Nijmegen (Netherlands)
Noviomago	Nijmegen (Netherlands)
Novomagum	Nijmegen (Netherlands)
Noviomagus Rhenanus	Nijmegen (Netherlands)
Noviomagium	Nijmegen (Netherlands)
Numaga	Nijmegen (Netherlands)
Numago	Nijmegen (Netherlands)
Oviomagus	Nijmegen (Netherlands)
Tritile Noviomagum	Nijmegen (Netherlands)
Naumburgum	Naumburg (Halle, Germany)
Naumbergensis	Naumburg (Halle, Germany)
Neapolitanus	Naumburg (Halle, Germany)
Niumburgum	Naumburg (Halle, Germany)
Niwenburgensis	Naumburg (Halle, Germany)
Nuemburgum	Naumburg (Halle, Germany)
Nuenburgensis	Naumburg (Halle, Germany)
Nuenburgum	Naumburg (Halle, Germany)
Numburgensis	Naumburg (Halle, Germany)
Numburgum	Naumburg (Halle, Germany)
Nuonburgensis	Naumburg (Halle, Germany)
Nwnburgensis	Naumburg (Halle, Germany)
Quedlinburgum	Quedlinburg (Germany)
Quedlinburgensis	Quedlinburg (Germany)
Quidilinga	Quedlinburg (Germany)
Quindelinburgensis	Quedlinburg (Germany)
Quitteligenburgensis	Quedlinburg (Germany)
Quittiligenburgensis	Quedlinburg (Germany)
Quinque Ecclesiae	Pècs (Hungary)
Quinque Ecclesiensis	Pècs (Hungary)
Quinqueecclesiae	Pècs (Hungary)
Quinqueecclesiensis	Pècs (Hungary)
Serbinum	Pècs (Hungary)
Sopianae	Pècs (Hungary)
Valentia	Valence (Drôme, France)
Valentia	Valence (Drôme, France)
Valentia	Valence (Drôme, France)
Albania	Valence (Drôme, France)
Nova Scotia	Valence (Drôme, France)
Scotia	Valence (Drôme, France)
Scotia Britannica	Valence (Drôme, France)
Scotia Minor	Valence (Drôme, France)
Valentia	Valence (Drôme, France)
Valencia	Valence (Drôme, France)
Valentia Segalaunorum	Valence (Drôme, France)
Valentiaciviva	Valence (Drôme, France)
Valentinensis	Valence (Drôme, France)
Valentiniensis	Valence (Drôme, France)
Valentinorum civ.	Valence (Drôme, France)
Valentinus	Valence (Drôme, France)
Valenza	Valence (Drôme, France)
Vallencianorum civ.	Valence (Drôme, France)
Valentia	Valence (Drôme, France)
Valentinus	Valence (Drôme, France)
Valentia	Valence (Drôme, France)
Valentinus	Valence (Drôme, France)
Valentia ad Padum	Valence (Drôme, France)
Forum Fulvii	Valence (Drôme, France)
Forum Fulvii Valentinum	Valence (Drôme, France)
Forum Iulvii	Valence (Drôme, France)
Forum Sulvi	Valence (Drôme, France)
Forum Valentinum	Valence (Drôme, France)
Valencia	Valence (Drôme, France)
Valentia	Valence (Drôme, France)
Vibona Balentia	Valence (Drôme, France)
Hippo	Valence (Drôme, France)
Hipponium	Valence (Drôme, France)
Mons Leonis	Valence (Drôme, France)
Valentia	Valence (Drôme, France)
Vibo	Valence (Drôme, France)
Vibo Valentia	Valence (Drôme, France)
Vibonensis	Valence (Drôme, France)
Vibonia	Valence (Drôme, France)
Artobriga	Valence (Drôme, France)
Attobriga	Valence (Drôme, France)
b. Georgii martyris monast.	Valence (Drôme, France)
Valentia	Valence (Drôme, France)
Veltenburgicum monast.	Valence (Drôme, France)
Veltenburgensis	Valence (Drôme, France)
Waltenburgensis	Valence (Drôme, France)
Weltenburgensis	Valence (Drôme, France)
Weltenburgicum monast.	Valence (Drôme, France)
Weltinburgensis	Valence (Drôme, France)
Weltinopolis	Valence (Drôme, France)
Balentium	Valence (Drôme, France)
Valentia	Valence (Drôme, France)
Valentium	Valence (Drôme, France)
Banasa	Valence (Drôme, France)
Banasa in Mauretania Tingitana	Valence (Drôme, France)
Banasensis	Valence (Drôme, France)
Valentia	Valence (Drôme, France)
Valentiensis	Valence (Drôme, France)
Valentia	Valencia (Spain)
Bagentia	Valencia (Spain)
Belisa	Valencia (Spain)
Iulia Valentia	Valencia (Spain)
Iulia Valentia Edetanorum	Valencia (Spain)
Ulenza	Valencia (Spain)
Valentinensis	Valencia (Spain)
Valentinus	Valencia (Spain)
Pechvaradum	Oradea (Romania)
Varadinum	Oradea (Romania)
Mega Varadinum	Oradea (Romania)
Magnovaradinensis	Oradea (Romania)
Magnovaradinum	Oradea (Romania)
Ulpianum	Oradea (Romania)
Varadinum	Oradea (Romania)
Veradinum	Oradea (Romania)
Varsavia	Warsaw (Poland)
Varsaviensis	Warsaw (Poland)
Varsovia	Warsaw (Poland)
Varsoviensis	Warsaw (Poland)
Vincium	Vence (France)
Vencensia	Vence (France)
Vencensiensis	Vence (France)
Vencentia	Vence (France)
Vencia	Vence (France)
Venciensis	Vence (France)
Vendasca	Vence (France)
Ventia	Vence (France)
Ventiae	Vence (France)
Vinciensis	Vence (France)
Vinciensium urbs	Vence (France)
Vindesca	Vence (France)
Vineium	Vence (France)
Vintia	Vence (France)
Vintium	Vence (France)
Vintium Nerusiorum	Vence (France)
Venetia	Venice (Italy)
s. Marci civ.	Venice (Italy)
Portus Venetus	Venice (Italy)
Venecia	Venice (Italy)
Veneciae	Venice (Italy)
Venetiae	Venice (Italy)
Veneticis	Venice (Italy)
Venetie insula	Venice (Italy)
Venetorum civ.	Venice (Italy)
Venetus	Venice (Italy)
Venitia	Venice (Italy)
Venetiae in Bretonia	Venice (Italy)
Dariorigum	Venice (Italy)
Darioritum	Venice (Italy)
Dartoritum	Venice (Italy)
Duriorigum Venetorum	Venice (Italy)
Vanetensis	Venice (Italy)
Vednedia	Venice (Italy)
Veneda	Venice (Italy)
Venedi	Venice (Italy)
Venedia	Venice (Italy)
Venes	Venice (Italy)
Venetensis	Venice (Italy)
Venetia	Venice (Italy)
Venetica urbs	Venice (Italy)
Venetorum civ.	Venice (Italy)
Venetum civ.	Venice (Italy)
Venetus	Venice (Italy)
Venitus	Venice (Italy)
Viniticum	Venice (Italy)
Vercellae	Vercelli (Italy)
Fercellensis	Vercelli (Italy)
Vercelae	Vercelli (Italy)
Vercellae Libycorum	Vercelli (Italy)
Vercellencius	Vercelli (Italy)
Vercellensis	Vercelli (Italy)
Vercellinus	Vercelli (Italy)
Vercellum	Vercelli (Italy)
Vergellae	Vercelli (Italy)
Vergellensis	Vercelli (Italy)
Vergellinus	Vercelli (Italy)
Versiau	Vercelli (Italy)
Verzellae	Vercelli (Italy)
Vircellis civ.	Vercelli (Italy)
Verona	Verona (Italy)
Colonia Augusta Verona	Verona (Italy)
Veronensis	Verona (Italy)
Veronensium urbs	Verona (Italy)
Veronia	Verona (Italy)
Vicentinus 	Verona (Italy)
Veronae Magnae	Verona (Italy)
Verona	Verona (Italy)
Berna	Verona (Italy)
Arctopolis	Verona (Italy)
Berna Helvetiorum	Verona (Italy)
Bernensis	Verona (Italy)
Bernum in Burgundia	Verona (Italy)
Verona	Verona (Italy)
Veronensis	Verona (Italy)
Bonna	Verona (Italy)
Ara Ubiorum	Verona (Italy)
Ara Urbiorum	Verona (Italy)
Basilica villa	Verona (Italy)
Beata Verona	Verona (Italy)
Bona	Verona (Italy)
Bonna ad Rhenum	Verona (Italy)
Bonnae	Verona (Italy)
Bonnas	Verona (Italy)
Bonnensia castra	Verona (Italy)
Bonnensis	Verona (Italy)
Buna	Verona (Italy)
Bunna	Verona (Italy)
Bunnensis	Verona (Italy)
Bunnum	Verona (Italy)
Bvnna	Verona (Italy)
Castra Bonnensia	Verona (Italy)
Cisalpina Verona	Verona (Italy)
Colonia Julia	Verona (Italy)
Felix Verona	Verona (Italy)
Verona	Verona (Italy)
Verona beata	Verona (Italy)
Verona cisalpina	Verona (Italy)
Verona felix	Verona (Italy)
Villa Basilica	Verona (Italy)
Vesalia	Wesel (North Rhine-Westphalia, Germany)
Aliso	Wesel (North Rhine-Westphalia, Germany)
Alisum	Wesel (North Rhine-Westphalia, Germany)
Vesalia inferior	Wesel (North Rhine-Westphalia, Germany)
Vesaliensis	Wesel (North Rhine-Westphalia, Germany)
Wesalia	Wesel (North Rhine-Westphalia, Germany)
Wesaliens oppidum	Wesel (North Rhine-Westphalia, Germany)
Weselensis	Wesel (North Rhine-Westphalia, Germany)
Weselia	Wesel (North Rhine-Westphalia, Germany)
Wiselensis	Wesel (North Rhine-Westphalia, Germany)
Wisila	Wesel (North Rhine-Westphalia, Germany)
Bisuntio	Besançon (France)
Bernzonum	Besançon (France)
Beronzonum	Besançon (France)
Besantio	Besançon (France)
Besenzonum	Besançon (France)
Besintio	Besançon (France)
Besuntio	Besançon (France)
Bexenzonum	Besançon (France)
Bezanzonum	Besançon (France)
Bisancia	Besançon (France)
Bisantia	Besançon (France)
Bisonticensis	Besançon (France)
Bisontinensis	Besançon (France)
Bisontinus	Besançon (France)
Bissaciensis	Besançon (France)
Bisumtium	Besançon (France)
Bisuncia	Besançon (France)
Bisuncium	Besançon (France)
Bisunticensis	Besançon (France)
Bisuntinensis	Besançon (France)
Bisuntinus	Besançon (France)
Bisuntium	Besançon (France)
Bisuntum	Besançon (France)
Bizuntinus	Besançon (France)
Bysuncium	Besançon (France)
Bysuntina civ.	Besançon (France)
Chrysopolitana civ.	Besançon (France)
Crisopolinorum civ.	Besançon (France)
Crisopolitanus	Besançon (France)
Maxima Sequanorum civ.	Besançon (France)
Metropolis Vesontiensium civ.	Besançon (France)
Vesonticensis	Besançon (France)
Vesonticorum civ.	Besançon (France)
Vesontiensis	Besançon (France)
Vesontio	Besançon (France)
Vesontio Sequanorum	Besançon (France)
Vesontionensis	Besançon (France)
Vesontionis urbs	Besançon (France)
Vesontionum urbs	Besançon (France)
Vesontium	Besançon (France)
Vesuntii civ.	Besançon (France)
Vesuntinus	Besançon (France)
Vesuntio	Besançon (France)
Visontio	Besançon (France)
Vicentia	Vicenza (Italy)
Picensia	Vicenza (Italy)
Picentia	Vicenza (Italy)
Vexentinus	Vicenza (Italy)
Vicencia	Vicenza (Italy)
Vicentinorum civ.	Vicenza (Italy)
Vicentinus	Vicenza (Italy)
Vicetia	Vicenza (Italy)
Vicetinensis	Vicenza (Italy)
Vicetinus	Vicenza (Italy)
Vicentia	Vicenza (Italy)
Vicentinus	Vicenza (Italy)
Vienna	Vienne (France)
Colonia Julia Vienna	Vienne (France)
Viana	Vienne (France)
Vianensis	Vienne (France)
Vienensis	Vienne (France)
Vienna Allobrogum	Vienne (France)
Vienneensis	Vienne (France)
Viennensis	Vienne (France)
Viennensium civ.	Vienne (France)
Wienna	Vienne (France)
Wina	Vienne (France)
Vigornia	Worcester (England)
Brangonia	Worcester (England)
Brannogenium	Worcester (England)
Branogenium	Worcester (England)
Branonium	Worcester (England)
Branovium	Worcester (England)
Glawornensis	Worcester (England)
Guigornensis	Worcester (England)
Hicca	Worcester (England)
Huicciorum civ.	Worcester (England)
Vigorinensis	Worcester (England)
Vigornia Brannovium	Worcester (England)
Vigorniensis	Worcester (England)
Vigornium	Worcester (England)
Vorcestria	Worcester (England)
Wegerna	Worcester (England)
Wegernensis	Worcester (England)
Wegoranensis	Worcester (England)
Wegornensis	Worcester (England)
Weogerna	Worcester (England)
Weogernensis	Worcester (England)
Weogorna	Worcester (England)
Wicciorum civ.	Worcester (England)
Wigerna	Worcester (England)
Wigolinensis	Worcester (England)
Wigorcestrensis	Worcester (England)
Wigorinensis	Worcester (England)
Wigorna	Worcester (England)
Wigornensis	Worcester (England)
Wigornia	Worcester (England)
Wigorniensis	Worcester (England)
Wilcestria	Worcester (England)
Wiornocensis	Worcester (England)
Wirecestria	Worcester (England)
Wirecestriensis	Worcester (England)
Worcestria	Worcester (England)
Wygaeacestrum	Worcester (England)
Wygornia	Worcester (England)
Wygorniensis	Worcester (England)
Wygorninensis	Worcester (England)
Vigornia	Worcester (England)
Vigorniensis	Worcester (England)
Vilna	Vilna (Poland)	Vilnius (Lithuania)
Vilnensis	Vilna (Poland)	Vilnius (Lithuania)
Wilnensis	Vilna (Poland)	Vilnius (Lithuania)
Vinaria	Weimar (Thuringia, Germany)
Weihmari	Weimar (Thuringia, Germany)
Wimara	Weimar (Thuringia, Germany)
Wimares	Weimar (Thuringia, Germany)
Wimaria	Weimar (Thuringia, Germany)
Wymar castrum	Weimar (Thuringia, Germany)
Vindobona	Vienna (Austria)
Ara Flaviana	Vienna (Austria)
Favia	Vienna (Austria)
Favianis	Vienna (Austria)
Flaviana castra	Vienna (Austria)
Flavianum	Vienna (Austria)
Hyenis oppidum	Vienna (Austria)
Juliobona	Vienna (Austria)
Uvienna	Vienna (Austria)
Uviennensis	Vienna (Austria)
Uviennsis	Vienna (Austria)
Vendobona	Vienna (Austria)
Vendum	Vienna (Austria)
Viana	Vienna (Austria)
Viena	Vienna (Austria)
Vienna	Vienna (Austria)
Viennensis	Vienna (Austria)
Vindobona Noricorum	Vienna (Austria)
Vindomana	Vienna (Austria)
Vindomina	Vienna (Austria)
Vindoniana civ.	Vienna (Austria)
Vinnensis	Vienna (Austria)
Wiena	Vienna (Austria)
Wiene civ.	Vienna (Austria)
Wienensis	Vienna (Austria)
Wienna	Vienna (Austria)
Wiennensis	Vienna (Austria)
Wiennensium civ.	Vienna (Austria)
Wigenna	Vienna (Austria)
Windopolis	Vienna (Austria)
Winensis	Vienna (Austria)
Winensium civ.	Vienna (Austria)
Winna	Vienna (Austria)
Winnensis	Vienna (Austria)
Wyenna	Vienna (Austria)
Wyennensis	Vienna (Austria)
Wynna	Vienna (Austria)
Viteberga	Wittenberg (Saxony-Anhalt, Germany)
Albiburgum	Wittenberg (Saxony-Anhalt, Germany)
Albiorium	Wittenberg (Saxony-Anhalt, Germany)
Leucocorea	Wittenberg (Saxony-Anhalt, Germany)
Leucorea	Wittenberg (Saxony-Anhalt, Germany)
Vitemberga	Wittenberg (Saxony-Anhalt, Germany)
Witteberga	Wittenberg (Saxony-Anhalt, Germany)
Wittemberga	Wittenberg (Saxony-Anhalt, Germany)
Wittenberga	Wittenberg (Saxony-Anhalt, Germany)
Viterbium	Viterbo (Italy)
Beterbum	Viterbo (Italy)
Biterbium	Viterbo (Italy)
Biterna	Viterbo (Italy)
Bitervium	Viterbo (Italy)
Bithervium	Viterbo (Italy)
Fanum Voltumnae	Viterbo (Italy)
Vetulonia	Viterbo (Italy)
Viterbense castrum	Viterbo (Italy)
Viterbensis	Viterbo (Italy)
Viterbia	Viterbo (Italy)
Viterbiensis	Viterbo (Italy)
Viterbii castrum	Viterbo (Italy)
Viterbius	Viterbo (Italy)
Vitervium	Viterbo (Italy)
Ulma	Ulm (Germany)
Hulma	Ulm (Germany)
Ullma	Ulm (Germany)
Ulma in Suevia	Ulm (Germany)
Ulma Suevorum	Ulm (Germany)
Ulmensis	Ulm (Germany)
Ulmae	Ulm (Germany)
Ulmes villa	Ulm (Germany)
Ortalis villa	Ulm (Germany)
Ulma	Ulm (Germany)
Ulmeda villa	Ulm (Germany)
Ulmeria	Ulm (Germany)
Ulmetum	Ulm (Germany)
Olisipo	Lisbon (Portugal)
Civitas Regia	Lisbon (Portugal)
Felicitas Iulia Olisipo	Lisbon (Portugal)
Lassebona	Lisbon (Portugal)
Leskebone	Lisbon (Portugal)
Liberalitas Iulia	Lisbon (Portugal)
Lisbona	Lisbon (Portugal)
Lischbuna	Lisbon (Portugal)
Lissabona	Lisbon (Portugal)
Olisbona	Lisbon (Portugal)
Olisipona	Lisbon (Portugal)
Olisipone	Lisbon (Portugal)
Olisiponna civ.	Lisbon (Portugal)
Olisippo	Lisbon (Portugal)
Olissipo	Lisbon (Portugal)
Olissippo	Lisbon (Portugal)
Olysipona	Lisbon (Portugal)
Olyssipo	Lisbon (Portugal)
Olyssippo	Lisbon (Portugal)
Ulisipponensis	Lisbon (Portugal)
Ulissippo	Lisbon (Portugal)
Ulixbona	Lisbon (Portugal)
Ulixbonensis	Lisbon (Portugal)
Ulixetona	Lisbon (Portugal)
Ulixibona	Lisbon (Portugal)
Ulixippoma	Lisbon (Portugal)
Ulixippona	Lisbon (Portugal)
Ulysippo	Lisbon (Portugal)
Ulyssi Pons	Lisbon (Portugal)
Ulyssia	Lisbon (Portugal)
Ulyssipo	Lisbon (Portugal)
Ulyssipolis	Lisbon (Portugal)
Ulyssiponus	Lisbon (Portugal)
Ulyxbona	Lisbon (Portugal)
Upsalia	Uppsala (Sweden)
Arosia Orientalis	Uppsala (Sweden)
Ubsala	Uppsala (Sweden)
Ubsola	Uppsala (Sweden)
Upsalensis	Uppsala (Sweden)
Upsaliensis	Uppsala (Sweden)
Vratislavia	Breslau (Germany)	Wroclaw (Poland)
Bratislavia	Breslau (Germany)	Wroclaw (Poland)
Bresla	Breslau (Germany)	Wroclaw (Poland)
Brezlaviensis	Breslau (Germany)	Wroclaw (Poland)
Budorgis	Breslau (Germany)	Wroclaw (Poland)
Frodezlau	Breslau (Germany)	Wroclaw (Poland)
Presla	Breslau (Germany)	Wroclaw (Poland)
Vratislaviensis	Breslau (Germany)	Wroclaw (Poland)
Vratizlavia	Breslau (Germany)	Wroclaw (Poland)
Vreczeslavia	Breslau (Germany)	Wroclaw (Poland)
Vrozlavia	Breslau (Germany)	Wroclaw (Poland)
Wartislavia	Breslau (Germany)	Wroclaw (Poland)
Wladislaviensis	Breslau (Germany)	Wroclaw (Poland)
Wortizlawa	Breslau (Germany)	Wroclaw (Poland)
Wradeslaviensis	Breslau (Germany)	Wroclaw (Poland)
Wraticlawia	Breslau (Germany)	Wroclaw (Poland)
Wratislauia	Breslau (Germany)	Wroclaw (Poland)
Wratislavia	Breslau (Germany)	Wroclaw (Poland)
Wratislaviensis	Breslau (Germany)	Wroclaw (Poland)
Wratizlauia	Breslau (Germany)	Wroclaw (Poland)
Wrotizla	Breslau (Germany)	Wroclaw (Poland)
Wrotizlaensis	Breslau (Germany)	Wroclaw (Poland)
Wrotizlaua	Breslau (Germany)	Wroclaw (Poland)
Urbinum	Urbino (Italy)
Orbinum	Urbino (Italy)
Orbinus	Urbino (Italy)
Urbanum	Urbino (Italy)
Urbianus	Urbino (Italy)
Urbinas	Urbino (Italy)
Urbinatensis	Urbino (Italy)
Urbinatus	Urbino (Italy)
Urbinum Hortense	Urbino (Italy)
Urvinum	Urbino (Italy)
Utinum	Udine (Italy)
Eutinensis	Udine (Italy)
Oitinum	Udine (Italy)
Otina	Udine (Italy)
Otinnum	Udine (Italy)
Utina	Udine (Italy)
Utinensis	Udine (Italy)
Utinum	Udine (Italy)
Udinum	Udine (Italy)
Utina	Udine (Italy)
Utinensis	Udine (Italy)
Vesalia superior	Oberwesel (Germany)
Bosagnia	Oberwesel (Germany)
Ficella	Oberwesel (Germany)
Uuesilla	Oberwesel (Germany)
Vosalia	Oberwesel (Germany)
Vosava	Oberwesel (Germany)
Vosavia	Oberwesel (Germany)
Wesalia	Oberwesel (Germany)
Wesaliensis	Oberwesel (Germany)
Wesela	Oberwesel (Germany)
Wesila	Oberwesel (Germany)
Wisela	Oberwesel (Germany)
Westmonasterium	Westminster (England)
Torneia	Westminster (England)
Vestmonasteriensis	Westminster (England)
Westmonasteriensis	Westminster (England)
Wetflaria	Wetzlar (Germany)
Wephlaria	Wetzlar (Germany)
Wephlariensis	Wetzlar (Germany)
Wetflariensis	Wetzlar (Germany)
Wetphelarium	Wetzlar (Germany)
Wetphelariensis	Wetzlar (Germany)
Wetsflaria	Wetzlar (Germany)
Wetsflariensis	Wetzlar (Germany)
Wetslaria	Wetzlar (Germany)
Wetslariensis	Wetzlar (Germany)
Wetzflaria	Wetzlar (Germany)
Wetzflariensis	Wetzlar (Germany)
Wetzlaria	Wetzlar (Germany)
Wetzlariensis	Wetzlar (Germany)
Vigornia	Worcester (Mass.)
Vigorniensis	Worcester (Mass.)
Wisingsburgum	Visingsö (Sweden)
Wormatia	Worms (Germany)
Augusta Vangionum	Worms (Germany)
Borbetomagus	Worms (Germany)
Bormacensis	Worms (Germany)
Bormitomagus	Worms (Germany)
Burmatia	Worms (Germany)
Garmacia	Worms (Germany)
Garmatiensis	Worms (Germany)
Uormacia	Worms (Germany)
Uormaciensis	Worms (Germany)
Uuangiona civ.	Worms (Germany)
Uuormacia	Worms (Germany)
Uuormaciensis	Worms (Germany)
Uuormatiensis	Worms (Germany)
Uurmacensis	Worms (Germany)
Uurmasia civ.	Worms (Germany)
Vangio	Worms (Germany)
Vangiona	Worms (Germany)
Vangionensis	Worms (Germany)
Vangionensium civ.	Worms (Germany)
Vangionum urbs	Worms (Germany)
Vangionum civ. Warmatia	Worms (Germany)
Vangionum Wormatia	Worms (Germany)
Vangium	Worms (Germany)
Varmacia	Worms (Germany)
Vormacia Borbetomagum	Worms (Germany)
Vormacia Borgetomagus	Worms (Germany)
Vormatia	Worms (Germany)
Vuangia	Worms (Germany)
Vuarmacia	Worms (Germany)
Vuormacensis	Worms (Germany)
Vuormacia	Worms (Germany)
Vuormaciensis	Worms (Germany)
Vvormacia	Worms (Germany)
Vvormatia	Worms (Germany)
Vvormatiensis	Worms (Germany)
Wangio	Worms (Germany)
Wangiona	Worms (Germany)
Wangionum civ.	Worms (Germany)
Warmacia	Worms (Germany)
Warmatia	Worms (GeZagabriarmany)
Winacensis	Worms (Germany)
Wormacensis	Worms (Germany)
Wormacia	Worms (Germany)
Wormaciensis	Worms (Germany)
Wormatensis	Worms (Germany)
Wormatfelda	Worms (Germany)
Wormatiensis	Worms (Germany)
Wormazfelda	Worms (Germany)
Wuarmacia civ.	Worms (Germany)
Zagrabia	Zagreb (Croatia)
Agranum	Zagreb (Croatia)
Sabbaria	Zagreb (Croatia)
Zagabrensis	Zagreb (Croatia)
Zagabria	Zagreb (Croatia)
Zagabriensis	Zagreb (Croatia)
Zagrabiensis	Zagreb (Croatia)
Zagrabria	Zagreb (Croatia)
Zagravia	Zagreb (Croatia)
Zulichium	Sulechów (Zielona Góra, Poland)
Zullichovium	Sulechów (Zielona Góra, Poland)
Zutphania	Zutphen (Netherlands)
Sutphanenis	Zutphen (Netherlands)
Zutphanensis	Zutphen (Netherlands)
Zutphaniensis	Zutphen (Netherlands)
Suvolla	Zwolle (Netherlands)
Suvolli	Zwolle (Netherlands)
Swolla	Zwolle (Netherlands)
Zuvolla	Zwolle (Netherlands)
Zwolla	Zwolle (Netherlands)
